YahooTicker,Exchange_QID
AAL,Q82059
AAME,Q82059
AAOI,Q82059
AAON,Q82059
AAPL,Q82059
AARD,Q82059
ABAT,Q82059
ABEO,Q82059
ABNB,Q82059
ABOS,Q82059
ABP,Q82059
ABSI,Q82059
ABTC,Q82059
ABUS,Q82059
ABVC,Q82059
ABVE,Q82059
ACAD,Q82059
ACDC,Q82059
ACET,Q82059
ACFN,Q82059
ACGL,Q82059
ACHC,Q82059
ACIC,Q82059
ACIU,Q82059
ACIW,Q82059
ACLS,Q82059
ACLX,Q82059
ACMR,Q82059
ACNB,Q82059
ACNT,Q82059
ACOG,Q82059
ACON,Q82059
ACRS,Q82059
ACRV,Q82059
ACT,Q82059
ACTG,Q82059
ACTU,Q82059
ACXP,Q82059
ADBE,Q82059
ADEA,Q82059
ADGM,Q82059
ADI,Q82059
ADIL,Q82059
ADMA,Q82059
ADP,Q82059
ADPT,Q82059
ADSK,Q82059
ADTN,Q82059
ADTX,Q82059
ADUR,Q82059
ADUS,Q82059
ADV,Q82059
ADVB,Q82059
AEBI,Q82059
AEHR,Q82059
AEI,Q82059
AEIS,Q82059
AEMD,Q82059
AENT,Q82059
AEP,Q82059
AEVA,Q82059
AEYE,Q82059
AFBI,Q82059
AFCG,Q82059
AFRM,Q82059
AGAE,Q82059
AGEN,Q82059
AGH,Q82059
AGIO,Q82059
AGNC,Q82059
AGPU,Q82059
AGYS,Q82059
AHCO,Q82059
AIFF,Q82059
AIHS,Q82059
AIMD,Q82059
AIOT,Q82059
AIP,Q82059
AIRE,Q82059
AIRG,Q82059
AIRJ,Q82059
AIRO,Q82059
AIRS,Q82059
AIRT,Q82059
AISP,Q82059
AIXC,Q82059
AKAM,Q82059
AKBA,Q82059
AKTS,Q82059
ALAB,Q82059
ALBT,Q82059
ALCO,Q82059
ALDX,Q82059
ALEC,Q82059
ALGM,Q82059
ALGN,Q82059
ALGS,Q82059
ALGT,Q82059
ALHC,Q82059
ALKT,Q82059
ALLO,Q82059
ALLR,Q82059
ALMS,Q82059
ALMU,Q82059
ALNT,Q82059
ALNY,Q82059
ALOT,Q82059
ALRM,Q82059
ALRS,Q82059
ALT,Q82059
ALTI,Q82059
ALTO,Q82059
ALTS,Q82059
ALXO,Q82059
ALZN,Q82059
AMAL,Q82059
AMAT,Q82059
AMCI,Q82059
AMCX,Q82059
AMD,Q82059
AMGN,Q82059
AMIX,Q82059
AMKR,Q82059
AMLX,Q82059
AMOD,Q82059
AMPG,Q82059
AMPH,Q82059
AMPL,Q82059
AMRX,Q82059
AMSC,Q82059
AMSF,Q82059
AMST,Q82059
AMTX,Q82059
AMWD,Q82059
AMZN,Q82059
ANAB,Q82059
ANDE,Q82059
ANEB,Q82059
ANGI,Q82059
ANGO,Q82059
ANIK,Q82059
ANIP,Q82059
ANIX,Q82059
ANNA,Q82059
ANNX,Q82059
ANTX,Q82059
AOUT,Q82059
APA,Q82059
APC,Q82059
APEI,Q82059
APGE,Q82059
APLD,Q82059
APLS,Q82059
APOG,Q82059
APP,Q82059
APPF,Q82059
APPN,Q82059
APPS,Q82059
APRE,Q82059
APVO,Q82059
APYX,Q82059
AQB,Q82059
AQMS,Q82059
AQST,Q82059
ARAI,Q82059
ARAY,Q82059
ARCB,Q82059
ARCT,Q82059
ARDX,Q82059
AREB,Q82059
AREC,Q82059
ARHS,Q82059
ARKO,Q82059
ARKR,Q82059
AROW,Q82059
ARQ,Q82059
ARQT,Q82059
ARRY,Q82059
ARTL,Q82059
ARTNA,Q82059
ARTV,Q82059
ARTW,Q82059
ARVN,Q82059
ARWR,Q82059
ASBP,Q82059
ASLE,Q82059
ASMB,Q82059
ASNS,Q82059
ASO,Q82059
ASPI,Q82059
ASPS,Q82059
ASRT,Q82059
ASRV,Q82059
ASST,Q82059
ASTC,Q82059
ASTE,Q82059
ASTH,Q82059
ASTI,Q82059
ASTS,Q82059
ASUR,Q82059
ASYS,Q82059
ATAI,Q82059
ATCX,Q82059
ATEC,Q82059
ATER,Q82059
ATEX,Q82059
ATHR,Q82059
ATLC,Q82059
ATLN,Q82059
ATLO,Q82059
ATLX,Q82059
ATNI,Q82059
ATOM,Q82059
ATON,Q82059
ATOS,Q82059
ATPC,Q82059
ATRA,Q82059
ATRC,Q82059
ATRO,Q82059
ATXG,Q82059
ATYR,Q82059
AUBN,Q82059
AUID,Q82059
AUR,Q82059
AURA,Q82059
AUUD,Q82059
AVAH,Q82059
AVAV,Q82059
AVBH,Q82059
AVBP,Q82059
AVGO,Q82059
AVIR,Q82059
AVNW,Q82059
AVO,Q82059
AVPT,Q82059
AVR,Q82059
AVT,Q82059
AVTX,Q82059
AVXL,Q82059
AWRE,Q82059
AXGN,Q82059
AXON,Q82059
AXSM,Q82059
AXTI,Q82059
AYTU,Q82059
AZTA,Q82059
BAER,Q82059
BAFN,Q82059
BAND,Q82059
BANF,Q82059
BANR,Q82059
BATRA,Q82059
BATRK,Q82059
BBCP,Q82059
BBGI,Q82059
BBIO,Q82059
BBLG,Q82059
BBNX,Q82059
BBOT,Q82059
BBSI,Q82059
BCAB,Q82059
BCAL,Q82059
BCAX,Q82059
BCBP,Q82059
BCDA,Q82059
BCG,Q82059
BCML,Q82059
BCPC,Q82059
BCRX,Q82059
BDSX,Q82059
BDTX,Q82059
BEAM,Q82059
BEAT,Q82059
BEEM,Q82059
BEEP,Q82059
BELFA,Q82059
BELFB,Q82059
BENF,Q82059
BETR,Q82059
BFC,Q82059
BFRG,Q82059
BFRI,Q82059
BFST,Q82059
BGC,Q82059
BGLC,Q82059
BGMS,Q82059
BHRB,Q82059
BHST,Q82059
BIAF,Q82059
BIIB,Q82059
BIOA,Q82059
BIRD,Q82059
BITF,Q82059
BIVI,Q82059
BJDX,Q82059
BJRI,Q82059
BKNG,Q82059
BKR,Q82059
BKYI,Q82059
BL,Q82059
BLBD,Q82059
BLBX,Q82059
BLFS,Q82059
BLFY,Q82059
BLIN,Q82059
BLKB,Q82059
BLLN,Q82059
BLMN,Q82059
BLNE,Q82059
BLNK,Q82059
BLZE,Q82059
BMBL,Q82059
BMEA,Q82059
BMRA,Q82059
BMRC,Q82059
BMRN,Q82059
BNAI,Q82059
BNBX,Q82059
BNC,Q82059
BNGO,Q82059
BNKK,Q82059
BNTC,Q82059
BNZI,Q82059
BODI,Q82059
BOF,Q82059
BOKF,Q82059
BOLD,Q82059
BOLT,Q82059
BOOM,Q82059
BOTJ,Q82059
BOXL,Q82059
BPOP,Q82059
BPRN,Q82059
BRAI,Q82059
BRCB,Q82059
BRFH,Q82059
BRID,Q82059
BRKR,Q82059
BRLT,Q82059
BRR,Q82059
BRTX,Q82059
BRZE,Q82059
BSBK,Q82059
BSET,Q82059
BSRR,Q82059
BSVN,Q82059
BSY,Q82059
BTAI,Q82059
BTBD,Q82059
BTCS,Q82059
BTM,Q82059
BTMD,Q82059
BTOC,Q82059
BTQ,Q82059
BUSE,Q82059
BVFL,Q82059
BVS,Q82059
BWB,Q82059
BWEN,Q82059
BWFG,Q82059
BWIN,Q82059
BWMN,Q82059
BYFC,Q82059
BYND,Q82059
BYRN,Q82059
BZAI,Q82059
BZFD,Q82059
CABA,Q82059
CABR,Q82059
CAC,Q82059
CACC,Q82059
CADL,Q82059
CAI,Q82059
CAKE,Q82059
CALC,Q82059
CALM,Q82059
CAMP,Q82059
CAPR,Q82059
CAPS,Q82059
CAR,Q82059
CARE,Q82059
CARG,Q82059
CARL,Q82059
CART,Q82059
CASH,Q82059
CASS,Q82059
CASY,Q82059
CATY,Q82059
CBAT,Q82059
CBC,Q82059
CBFV,Q82059
CBIO,Q82059
CBK,Q82059
CBLL,Q82059
CBNK,Q82059
CBRL,Q82059
CBSH,Q82059
CBUS,Q82059
CCAP,Q82059
CCB,Q82059
CCBG,Q82059
CCC,Q82059
CCCC,Q82059
CCLD,Q82059
CCNE,Q82059
CCOI,Q82059
CCRN,Q82059
CCSI,Q82059
CDIO,Q82059
CDLX,Q82059
CDNA,Q82059
CDNL,Q82059
CDNS,Q82059
CDT,Q82059
CDW,Q82059
CDXS,Q82059
CDZI,Q82059
CECO,Q82059
CEG,Q82059
CELC,Q82059
CELH,Q82059
CELU,Q82059
CELZ,Q82059
CENN,Q82059
CENT,Q82059
CENTA,Q82059
CENX,Q82059
CERS,Q82059
CERT,Q82059
CETX,Q82059
CETY,Q82059
CEVA,Q82059
CFBK,Q82059
CFFI,Q82059
CFFN,Q82059
CFLT,Q82059
CG,Q82059
CGEM,Q82059
CGNX,Q82059
CGON,Q82059
CGTX,Q82059
CHCI,Q82059
CHCO,Q82059
CHDN,Q82059
CHEF,Q82059
CHMG,Q82059
CHRD,Q82059
CHRS,Q82059
CHRW,Q82059
CHTR,Q82059
CHYM,Q82059
CIFR,Q82059
CIIT,Q82059
CINF,Q82059
CING,Q82059
CISO,Q82059
CISS,Q82059
CIVB,Q82059
CJMB,Q82059
CLAR,Q82059
CLBK,Q82059
CLDX,Q82059
CLFD,Q82059
CLIR,Q82059
CLMB,Q82059
CLMT,Q82059
CLNE,Q82059
CLNN,Q82059
CLOV,Q82059
CLPS,Q82059
CLPT,Q82059
CLRB,Q82059
CLRO,Q82059
CLSK,Q82059
CLST,Q82059
CLYM,Q82059
CMCO,Q82059
CMCSA,Q82059
CMCT,Q82059
CME,Q82059
CMPX,Q82059
CMRC,Q82059
CMTL,Q82059
CNDT,Q82059
CNET,Q82059
CNOB,Q82059
CNSP,Q82059
CNTX,Q82059
CNTY,Q82059
CNVS,Q82059
CNXC,Q82059
CNXN,Q82059
COCH,Q82059
COCO,Q82059
COCP,Q82059
CODA,Q82059
COEP,Q82059
COFS,Q82059
COGT,Q82059
COHU,Q82059
COIN,Q82059
COKE,Q82059
COLB,Q82059
COLL,Q82059
COLM,Q82059
COO,Q82059
CORT,Q82059
CORZ,Q82059
COSM,Q82059
COST,Q82059
COYA,Q82059
CPB,Q82059
CPBI,Q82059
CPHC,Q82059
CPIX,Q82059
CPRT,Q82059
CPRX,Q82059
CPSH,Q82059
CPSS,Q82059
CRAI,Q82059
CRBP,Q82059
CRBU,Q82059
CRCT,Q82059
CRDF,Q82059
CREG,Q82059
CREX,Q82059
CRIS,Q82059
CRMD,Q82059
CRMT,Q82059
CRNC,Q82059
CRNX,Q82059
CROX,Q82059
CRSR,Q82059
CRUS,Q82059
CRVL,Q82059
CRVO,Q82059
CRVS,Q82059
CRWD,Q82059
CRWS,Q82059
CRWV,Q82059
CSAI,Q82059
CSBR,Q82059
CSCO,Q82059
CSGP,Q82059
CSGS,Q82059
CSPI,Q82059
CSTL,Q82059
CSWC,Q82059
CSX,Q82059
CTAS,Q82059
CTKB,Q82059
CTLP,Q82059
CTMX,Q82059
CTNM,Q82059
CTNT,Q82059
CTOR,Q82059
CTRN,Q82059
CTSH,Q82059
CTSO,Q82059
CTXR,Q82059
CUE,Q82059
CURI,Q82059
CURX,Q82059
CV,Q82059
CVBF,Q82059
CVCO,Q82059
CVGI,Q82059
CVGW,Q82059
CVKD,Q82059
CVLT,Q82059
CVRX,Q82059
CVV,Q82059
CWD,Q82059
CWST,Q82059
CXAI,Q82059
CXDO,Q82059
CYCN,Q82059
CYCU,Q82059
CYN,Q82059
CYPH,Q82059
CYRX,Q82059
CYTK,Q82059
CZFS,Q82059
CZNC,Q82059
CZR,Q82059
DAIC,Q82059
DAIO,Q82059
DAKT,Q82059
DARE,Q82059
DASH,Q82059
DAVE,Q82059
DAWN,Q82059
DBGI,Q82059
DBX,Q82059
DCGO,Q82059
DCOY,Q82059
DCTH,Q82059
DDOG,Q82059
DEFT,Q82059
DERM,Q82059
DEVS,Q82059
DFDV,Q82059
DFLI,Q82059
DFNS,Q82059
DFSC,Q82059
DGICA,Q82059
DGICB,Q82059
DGII,Q82059
DH,Q82059
DHIL,Q82059
DIBS,Q82059
DIOD,Q82059
DJCO,Q82059
DJT,Q82059
DKNG,Q82059
DLHC,Q82059
DLPN,Q82059
DLTH,Q82059
DLTR,Q82059
DMAC,Q82059
DMRC,Q82059
DNLI,Q82059
DNTH,Q82059
DNUT,Q82059
DOCU,Q82059
DOGZ,Q82059
DOMH,Q82059
DOMO,Q82059
DORM,Q82059
DPZ,Q82059
DRCT,Q82059
DRH,Q82059
DRIO,Q82059
DRMA,Q82059
DRS,Q82059
DRVN,Q82059
DSGN,Q82059
DSGR,Q82059
DSGX,Q82059
DSP,Q82059
DTCX,Q82059
DTI,Q82059
DTIL,Q82059
DTSS,Q82059
DTST,Q82059
DUOL,Q82059
DUOT,Q82059
DVLT,Q82059
DWSN,Q82059
DWTX,Q82059
DXCM,Q82059
DXLG,Q82059
DXPE,Q82059
DYAI,Q82059
DYN,Q82059
EA,Q82059
EBAY,Q82059
EBC,Q82059
EBMT,Q82059
ECBK,Q82059
ECOR,Q82059
ECPG,Q82059
EDBL,Q82059
EDIT,Q82059
EDUC,Q82059
EEFT,Q82059
EEIQ,Q82059
EFOI,Q82059
EFSC,Q82059
EFSI,Q82059
EGAN,Q82059
EGBN,Q82059
EGHT,Q82059
EHLD,Q82059
EHTH,Q82059
EIKN,Q82059
EKSO,Q82059
ELAB,Q82059
ELBM,Q82059
ELDN,Q82059
ELE,Q82059
ELSE,Q82059
ELTX,Q82059
ELUT,Q82059
ELVN,Q82059
ELWT,Q82059
EMAT,Q82059
EMBC,Q82059
EML,Q82059
EMPD,Q82059
ENGN,Q82059
ENPH,Q82059
ENSC,Q82059
ENSG,Q82059
ENTA,Q82059
ENTG,Q82059
ENVB,Q82059
ENVX,Q82059
EOLS,Q82059
EOSE,Q82059
EPRX,Q82059
EQ,Q82059
EQIX,Q82059
EQPT,Q82059
ERAS,Q82059
ERIE,Q82059
ERII,Q82059
ERNA,Q82059
ESCA,Q82059
ESEA,Q82059
ESHA,Q82059
ESLA,Q82059
ESOA,Q82059
ESPR,Q82059
ESQ,Q82059
ETHZ,Q82059
ETON,Q82059
ETS,Q82059
EU,Q82059
EVCM,Q82059
EVER,Q82059
EVGO,Q82059
EVLV,Q82059
EVRG,Q82059
EVTV,Q82059
EWBC,Q82059
EWCZ,Q82059
EWTX,Q82059
EXAS,Q82059
EXC,Q82059
EXE,Q82059
EXEL,Q82059
EXFY,Q82059
EXLS,Q82059
EXOZ,Q82059
EXPE,Q82059
EXPI,Q82059
EXPO,Q82059
EXTR,Q82059
EYE,Q82059
EYPT,Q82059
EZPW,Q82059
EZRA,Q82059
FA,Q82059
FANG,Q82059
FARM,Q82059
FAST,Q82059
FATE,Q82059
FATN,Q82059
FBIO,Q82059
FBIZ,Q82059
FBLA,Q82059
FBLG,Q82059
FBNC,Q82059
FBRX,Q82059
FBYD,Q82059
FCAP,Q82059
FCEL,Q82059
FCFS,Q82059
FCNCA,Q82059
FCUV,Q82059
FDBC,Q82059
FDMT,Q82059
FDSB,Q82059
FEAM,Q82059
FEED,Q82059
FEIM,Q82059
FELE,Q82059
FEMY,Q82059
FENC,Q82059
FFAI,Q82059
FFBC,Q82059
FFIC,Q82059
FFIN,Q82059
FFIV,Q82059
FGBI,Q82059
FGMC,Q82059
FGNX,Q82059
FHB,Q82059
FHTX,Q82059
FIBK,Q82059
FIEE,Q82059
FIGR,Q82059
FINW,Q82059
FIP,Q82059
FISI,Q82059
FISV,Q82059
FITB,Q82059
FIVE,Q82059
FIVN,Q82059
FIZZ,Q82059
FKWL,Q82059
FLD,Q82059
FLGT,Q82059
FLL,Q82059
FLNC,Q82059
FLNT,Q82059
FLUX,Q82059
FLWS,Q82059
FLXS,Q82059
FLY,Q82059
FLYE,Q82059
FLYW,Q82059
FMAO,Q82059
FMBH,Q82059
FMNB,Q82059
FNGR,Q82059
FNKO,Q82059
FNLC,Q82059
FNWB,Q82059
FNWD,Q82059
FOLD,Q82059
FONR,Q82059
FORA,Q82059
FORM,Q82059
FORR,Q82059
FOSL,Q82059
FOX,Q82059
FOXA,Q82059
FOXF,Q82059
FOXX,Q82059
FRAF,Q82059
FRBA,Q82059
FRD,Q82059
FRHC,Q82059
FRME,Q82059
FRMI,Q82059
FRPH,Q82059
FRPT,Q82059
FRSH,Q82059
FRST,Q82059
FSBC,Q82059
FSBW,Q82059
FSEA,Q82059
FSLR,Q82059
FSLY,Q82059
FSTR,Q82059
FSUN,Q82059
FTAI,Q82059
FTCI,Q82059
FTDR,Q82059
FTEK,Q82059
FTFT,Q82059
FTHM,Q82059
FTLF,Q82059
FTNT,Q82059
FTRE,Q82059
FULC,Q82059
FULT,Q82059
FUSB,Q82059
FUSE,Q82059
FVCB,Q82059
FWDI,Q82059
FWONA,Q82059
FWONK,Q82059
FWRD,Q82059
FWRG,Q82059
FXNC,Q82059
GABC,Q82059
GAIA,Q82059
GALT,Q82059
GAME,Q82059
GANX,Q82059
GASS,Q82059
GBFH,Q82059
GCBC,Q82059
GCMG,Q82059
GCTK,Q82059
GDC,Q82059
GDEN,Q82059
GDRX,Q82059
GDYN,Q82059
GEG,Q82059
GEHC,Q82059
GEMI,Q82059
GEN,Q82059
GENK,Q82059
GEOS,Q82059
GERN,Q82059
GEVO,Q82059
GH,Q82059
GIFT,Q82059
GIII,Q82059
GILD,Q82059
GIPR,Q82059
GITS,Q82059
GLBS,Q82059
GLDD,Q82059
GLIBA,Q82059
GLIBK,Q82059
GLOO,Q82059
GLPI,Q82059
GLSI,Q82059
GLTO,Q82059
GLUE,Q82059
GLXY,Q82059
GMGI,Q82059
GNLN,Q82059
GNLX,Q82059
GNPX,Q82059
GNSS,Q82059
GNTX,Q82059
GO,Q82059
GOAI,Q82059
GOCO,Q82059
GOGO,Q82059
GOOGL,Q82059
GOSS,Q82059
GOVX,Q82059
GPRE,Q82059
GPRO,Q82059
GRAL,Q82059
GRCE,Q82059
GRDX,Q82059
GREE,Q82059
GRI,Q82059
GRNQ,Q82059
GROW,Q82059
GRPN,Q82059
GRWG,Q82059
GSAT,Q82059
GSBC,Q82059
GSHD,Q82059
GSIT,Q82059
GT,Q82059
GTBP,Q82059
GTIM,Q82059
GTLB,Q82059
GTM,Q82059
GTX,Q82059
GURE,Q82059
GUTS,Q82059
GWAV,Q82059
GWRS,Q82059
GXAI,Q82059
GYRE,Q82059
GYRO,Q82059
HAFC,Q82059
HAIN,Q82059
HALO,Q82059
HAS,Q82059
HBAN,Q82059
HBCP,Q82059
HBIO,Q82059
HBNC,Q82059
HBT,Q82059
HCAT,Q82059
HCKT,Q82059
HCSG,Q82059
HCTI,Q82059
HCWB,Q82059
HDSN,Q82059
HELE,Q82059
HELP,Q82059
HFBL,Q82059
HFFG,Q82059
HFWA,Q82059
HGBL,Q82059
HHS,Q82059
HIFS,Q82059
HIHO,Q82059
HIND,Q82059
HIT,Q82059
HLIT,Q82059
HLMN,Q82059
HLNE,Q82059
HMR,Q82059
HNNA,Q82059
HNRG,Q82059
HNST,Q82059
HNVR,Q82059
HOFT,Q82059
HOLX,Q82059
HON,Q82059
HOOD,Q82059
HOPE,Q82059
HOTH,Q82059
HOUR,Q82059
HOWL,Q82059
HPK,Q82059
HQI,Q82059
HQY,Q82059
HRMY,Q82059
HROW,Q82059
HRTX,Q82059
HRZN,Q82059
HSCS,Q82059
HSDT,Q82059
HSIC,Q82059
HST,Q82059
HSTM,Q82059
HTBK,Q82059
HTCR,Q82059
HTFL,Q82059
HTLD,Q82059
HTO,Q82059
HTZ,Q82059
HUBG,Q82059
HUMA,Q82059
HURA,Q82059
HURC,Q82059
HURN,Q82059
HUT,Q82059
HWBK,Q82059
HWC,Q82059
HWH,Q82059
HWKN,Q82059
HYFM,Q82059
HYFT,Q82059
HYMC,Q82059
HYNE,Q82059
HYPD,Q82059
HYPR,Q82059
IAC,Q82059
IART,Q82059
IBAC,Q82059
IBCP,Q82059
IBIO,Q82059
IBKR,Q82059
IBOC,Q82059
ICCC,Q82059
ICFI,Q82059
ICMB,Q82059
ICON,Q82059
ICU,Q82059
ICUI,Q82059
IDAI,Q82059
IDCC,Q82059
IDN,Q82059
IDXX,Q82059
IDYA,Q82059
IESC,Q82059
IFRX,Q82059
IHRT,Q82059
III,Q82059
IIIV,Q82059
IKT,Q82059
ILMN,Q82059
IMA,Q82059
IMDX,Q82059
IMG,Q82059
IMKTA,Q82059
IMMR,Q82059
IMMX,Q82059
IMNM,Q82059
IMNN,Q82059
IMRX,Q82059
IMSR,Q82059
IMUX,Q82059
IMVT,Q82059
IMXI,Q82059
INAB,Q82059
INBK,Q82059
INBS,Q82059
INBX,Q82059
INCY,Q82059
INDB,Q82059
INDI,Q82059
INDP,Q82059
INDV,Q82059
INGN,Q82059
INHD,Q82059
INKT,Q82059
INMB,Q82059
INNV,Q82059
INO,Q82059
INOD,Q82059
INSE,Q82059
INSG,Q82059
INSM,Q82059
INTA,Q82059
INTC,Q82059
INTG,Q82059
INTS,Q82059
INTU,Q82059
INTZ,Q82059
INV,Q82059
INVA,Q82059
INVE,Q82059
IOBT,Q82059
IONS,Q82059
IOSP,Q82059
IOVA,Q82059
IPAR,Q82059
IPDN,Q82059
IPGP,Q82059
IPM,Q82059
IPSC,Q82059
IPST,Q82059
IPW,Q82059
IPWR,Q82059
IQST,Q82059
IRD,Q82059
IRDM,Q82059
IRHO,Q82059
IRIX,Q82059
IRMD,Q82059
IRON,Q82059
IROQ,Q82059
IRTC,Q82059
IRWD,Q82059
ISBA,Q82059
ISPC,Q82059
ISPR,Q82059
ISRG,Q82059
ISSC,Q82059
ISTR,Q82059
ITIC,Q82059
ITRI,Q82059
IVDA,Q82059
IVF,Q82059
IVVD,Q82059
IXHL,Q82059
IZEA,Q82059
JACK,Q82059
JAGX,Q82059
JAKK,Q82059
JANX,Q82059
JBHT,Q82059
JBIO,Q82059
JBLU,Q82059
JBSS,Q82059
JCAP,Q82059
JFB,Q82059
JJSF,Q82059
JKHY,Q82059
JMSB,Q82059
JOUT,Q82059
JRSH,Q82059
JRVR,Q82059
JSPR,Q82059
JTAI,Q82059
JUNS,Q82059
JVA,Q82059
JXG,Q82059
JYNT,Q82059
KALA,Q82059
KALU,Q82059
KALV,Q82059
KDK,Q82059
KDP,Q82059
KE,Q82059
KELYA,Q82059
KELYB,Q82059
KEQU,Q82059
KFFB,Q82059
KG,Q82059
KGEI,Q82059
KHC,Q82059
KIDS,Q82059
KIDZ,Q82059
KINS,Q82059
KITT,Q82059
KLAC,Q82059
KLIC,Q82059
KLRS,Q82059
KLTO,Q82059
KLTR,Q82059
KLXE,Q82059
KMB,Q82059
KMTS,Q82059
KOD,Q82059
KOPN,Q82059
KOSS,Q82059
KPLT,Q82059
KPRX,Q82059
KPTI,Q82059
KRMD,Q82059
KRNY,Q82059
KROS,Q82059
KRRO,Q82059
KRT,Q82059
KRUS,Q82059
KRYS,Q82059
KSCP,Q82059
KTCC,Q82059
KTOS,Q82059
KTTA,Q82059
KURA,Q82059
KUST,Q82059
KVHI,Q82059
KYMR,Q82059
KYNB,Q82059
KYTX,Q82059
KZR,Q82059
LAB,Q82059
LAKE,Q82059
LAMR,Q82059
LAND,Q82059
LARK,Q82059
LASE,Q82059
LASR,Q82059
LAUR,Q82059
LBRDA,Q82059
LBRDK,Q82059
LBRX,Q82059
LCID,Q82059
LCNB,Q82059
LCUT,Q82059
LE,Q82059
LEDS,Q82059
LEE,Q82059
LEGH,Q82059
LENZ,Q82059
LESL,Q82059
LEXX,Q82059
LFCR,Q82059
LFMD,Q82059
LFST,Q82059
LFUS,Q82059
LFVN,Q82059
LGIH,Q82059
LGN,Q82059
LGND,Q82059
LGVN,Q82059
LHAI,Q82059
LIDR,Q82059
LIEN,Q82059
LIF,Q82059
LIFE,Q82059
LILA,Q82059
LILAK,Q82059
LIMN,Q82059
LINC,Q82059
LIND,Q82059
LINE,Q82059
LINK,Q82059
LIQT,Q82059
LITE,Q82059
LITS,Q82059
LIVE,Q82059
LIXT,Q82059
LKFN,Q82059
LKQ,Q82059
LLYVA,Q82059
LLYVK,Q82059
LMAT,Q82059
LMB,Q82059
LMNR,Q82059
LMRI,Q82059
LNAI,Q82059
LNKB,Q82059
LNSR,Q82059
LNT,Q82059
LNTH,Q82059
LNZA,Q82059
LOAN,Q82059
LOCO,Q82059
LONA,Q82059
LOOP,Q82059
LOPE,Q82059
LOVE,Q82059
LPCN,Q82059
LPLA,Q82059
LPRO,Q82059
LPSN,Q82059
LPTH,Q82059
LQDA,Q82059
LQDT,Q82059
LRCX,Q82059
LRHC,Q82059
LRMR,Q82059
LSAK,Q82059
LSBK,Q82059
LSCC,Q82059
LSH,Q82059
LSTA,Q82059
LSTR,Q82059
LTBR,Q82059
LTRN,Q82059
LTRX,Q82059
LUCD,Q82059
LUCY,Q82059
LULU,Q82059
LUNG,Q82059
LUNR,Q82059
LVLU,Q82059
LVO,Q82059
LWAY,Q82059
LWLG,Q82059
LXEO,Q82059
LXRX,Q82059
LYEL,Q82059
LYFT,Q82059
LYRA,Q82059
LYTS,Q82059
LZ,Q82059
MAMA,Q82059
MAMO,Q82059
MANH,Q82059
MAPS,Q82059
MAR,Q82059
MARA,Q82059
MASI,Q82059
MASS,Q82059
MAT,Q82059
MATW,Q82059
MAYS,Q82059
MAZE,Q82059
MBBC,Q82059
MBCN,Q82059
MBIN,Q82059
MBIO,Q82059
MBLY,Q82059
MBOT,Q82059
MBRX,Q82059
MBUU,Q82059
MBWM,Q82059
MBX,Q82059
MCBS,Q82059
MCFT,Q82059
MCHB,Q82059
MCHP,Q82059
MCHX,Q82059
MCRB,Q82059
MCRI,Q82059
MCW,Q82059
MDAI,Q82059
MDB,Q82059
MDCX,Q82059
MDGL,Q82059
MDIA,Q82059
MDLN,Q82059
MDLZ,Q82059
MDRR,Q82059
MDXG,Q82059
MEDP,Q82059
MEHA,Q82059
MELI,Q82059
MEOH,Q82059
MERC,Q82059
META,Q82059
METC,Q82059
METCB,Q82059
MFIN,Q82059
MGEE,Q82059
MGNI,Q82059
MGNX,Q82059
MGPI,Q82059
MGRC,Q82059
MGRX,Q82059
MGX,Q82059
MGYR,Q82059
MIDD,Q82059
MIGI,Q82059
MIND,Q82059
MIRA,Q82059
MIRM,Q82059
MITK,Q82059
MKSI,Q82059
MKTW,Q82059
MKTX,Q82059
MKZR,Q82059
MLAB,Q82059
MLCI,Q82059
MLKN,Q82059
MLYS,Q82059
MMSI,Q82059
MNKD,Q82059
MNOV,Q82059
MNPR,Q82059
MNRO,Q82059
MNSB,Q82059
MNST,Q82059
MNTK,Q82059
MNTS,Q82059
MOBX,Q82059
MODD,Q82059
MOFG,Q82059
MORN,Q82059
MOVE,Q82059
MPAA,Q82059
MPB,Q82059
MPLT,Q82059
MPWR,Q82059
MQ,Q82059
MRAM,Q82059
MRBK,Q82059
MRCY,Q82059
MRKR,Q82059
MRNA,Q82059
MRTN,Q82059
MRVI,Q82059
MRVL,Q82059
MSAI,Q82059
MSBI,Q82059
MSEX,Q82059
MSFT,Q82059
MSGM,Q82059
MSLE,Q82059
MSS,Q82059
MSTR,Q82059
MTCH,Q82059
MTEX,Q82059
MTRX,Q82059
MTSI,Q82059
MTVA,Q82059
MU,Q82059
MVBF,Q82059
MVIS,Q82059
MVST,Q82059
MWH,Q82059
MWYN,Q82059
MXCT,Q82059
MXL,Q82059
MYFW,Q82059
MYGN,Q82059
MYPS,Q82059
MYRG,Q82059
MYSE,Q82059
MYSZ,Q82059
MZTI,Q82059
NAGE,Q82059
NAII,Q82059
NAKA,Q82059
NATH,Q82059
NATR,Q82059
NAUT,Q82059
NAVI,Q82059
NAVN,Q82059
NB,Q82059
NBBK,Q82059
NBIX,Q82059
NBN,Q82059
NBTB,Q82059
NCMI,Q82059
NCNO,Q82059
NCPL,Q82059
NCRA,Q82059
NCSM,Q82059
NDAQ,Q82059
NDLS,Q82059
NDRA,Q82059
NDSN,Q82059
NEO,Q82059
NEOG,Q82059
NEON,Q82059
NEOV,Q82059
NEPH,Q82059
NERV,Q82059
NEUP,Q82059
NEWT,Q82059
NEXM,Q82059
NEXT,Q82059
NFBK,Q82059
NFE,Q82059
NGEN,Q82059
NGNE,Q82059
NITO,Q82059
NIXX,Q82059
NKSH,Q82059
NKTR,Q82059
NKTX,Q82059
NMFC,Q82059
NMIH,Q82059
NMRA,Q82059
NMRK,Q82059
NMTC,Q82059
NN,Q82059
NNBR,Q82059
NNE,Q82059
NODK,Q82059
NOEM,Q82059
NOMA,Q82059
NOTV,Q82059
NPCE,Q82059
NRC,Q82059
NRDS,Q82059
NRIM,Q82059
NRIX,Q82059
NRXP,Q82059
NSIT,Q82059
NSPR,Q82059
NSSC,Q82059
NSTS,Q82059
NSYS,Q82059
NTAP,Q82059
NTCT,Q82059
NTGR,Q82059
NTHI,Q82059
NTIC,Q82059
NTLA,Q82059
NTNX,Q82059
NTRA,Q82059
NTRB,Q82059
NTRP,Q82059
NTSK,Q82059
NTWK,Q82059
NUAI,Q82059
NUTR,Q82059
NUTX,Q82059
NUVL,Q82059
NUWE,Q82059
NVAX,Q82059
NVCT,Q82059
NVDA,Q82059
NVEC,Q82059
NVNO,Q82059
NVTS,Q82059
NVVE,Q82059
NWBI,Q82059
NWE,Q82059
NWFL,Q82059
NWL,Q82059
NWPX,Q82059
NWS,Q82059
NWSA,Q82059
NWTG,Q82059
NXGL,Q82059
NXL,Q82059
NXPI,Q82059
NXPL,Q82059
NXST,Q82059
NXT,Q82059
NXTC,Q82059
NXXT,Q82059
OABI,Q82059
OBAI,Q82059
OBT,Q82059
OCC,Q82059
OCFC,Q82059
OCGN,Q82059
OCUL,Q82059
ODFL,Q82059
ODYS,Q82059
OESX,Q82059
OFIX,Q82059
OFLX,Q82059
OKTA,Q82059
OKUR,Q82059
OLB,Q82059
OLED,Q82059
OLLI,Q82059
OLMA,Q82059
OLOX,Q82059
OLPX,Q82059
OM,Q82059
OMCL,Q82059
OMDA,Q82059
OMER,Q82059
OMEX,Q82059
ON,Q82059
ONB,Q82059
ONCO,Q82059
ONDS,Q82059
ONEW,Q82059
ONFO,Q82059
ONMD,Q82059
OPAL,Q82059
OPBK,Q82059
OPCH,Q82059
OPEN,Q82059
OPK,Q82059
OPRT,Q82059
OPRX,Q82059
OPTX,Q82059
OPXS,Q82059
ORBS,Q82059
ORGN,Q82059
ORIC,Q82059
ORKA,Q82059
ORLY,Q82059
ORMP,Q82059
ORRF,Q82059
OS,Q82059
OSBC,Q82059
OSIS,Q82059
OSPN,Q82059
OSRH,Q82059
OSS,Q82059
OSUR,Q82059
OTLK,Q82059
OTTR,Q82059
OUST,Q82059
OVBC,Q82059
OVID,Q82059
OVLY,Q82059
OZK,Q82059
PACB,Q82059
PAHC,Q82059
PAL,Q82059
PALI,Q82059
PAMT,Q82059
PANL,Q82059
PANW,Q82059
PARK,Q82059
PASG,Q82059
PATK,Q82059
PAVM,Q82059
PAYO,Q82059
PAYS,Q82059
PAYX,Q82059
PBFS,Q82059
PBHC,Q82059
PBYI,Q82059
PCAR,Q82059
PCB,Q82059
PCRX,Q82059
PCSA,Q82059
PCT,Q82059
PCTY,Q82059
PCVX,Q82059
PCYO,Q82059
PDEX,Q82059
PDFS,Q82059
PDLB,Q82059
PDSB,Q82059
PDYN,Q82059
PEBK,Q82059
PEBO,Q82059
PECO,Q82059
PEGA,Q82059
PENG,Q82059
PENN,Q82059
PEP,Q82059
PEPG,Q82059
PESI,Q82059
PETS,Q82059
PFBC,Q82059
PFG,Q82059
PFIS,Q82059
PFSA,Q82059
PFX,Q82059
PGC,Q82059
PGEN,Q82059
PGNY,Q82059
PHAT,Q82059
PHIO,Q82059
PHUN,Q82059
PI,Q82059
PIII,Q82059
PKBK,Q82059
PKOH,Q82059
PLAB,Q82059
PLAY,Q82059
PLBC,Q82059
PLBY,Q82059
PLCE,Q82059
PLMR,Q82059
PLPC,Q82059
PLRX,Q82059
PLSE,Q82059
PLTK,Q82059
PLTR,Q82059
PLUG,Q82059
PLUR,Q82059
PLUS,Q82059
PLXS,Q82059
PLYX,Q82059
PMCB,Q82059
PMTS,Q82059
PMVP,Q82059
PNBK,Q82059
PNRG,Q82059
PNTG,Q82059
POCI,Q82059
PODC,Q82059
PODD,Q82059
POLA,Q82059
POOL,Q82059
POWI,Q82059
POWL,Q82059
POWW,Q82059
PPC,Q82059
PPCB,Q82059
PPHC,Q82059
PPIH,Q82059
PPSI,Q82059
PRAA,Q82059
PRAX,Q82059
PRCH,Q82059
PRCT,Q82059
PRDO,Q82059
PRGS,Q82059
PRHI,Q82059
PRLD,Q82059
PRME,Q82059
PROF,Q82059
PROP,Q82059
PROV,Q82059
PRPL,Q82059
PRPO,Q82059
PRSO,Q82059
PRTH,Q82059
PRTS,Q82059
PRVA,Q82059
PSIX,Q82059
PSKY,Q82059
PSMT,Q82059
PSNL,Q82059
PSTV,Q82059
PTC,Q82059
PTCT,Q82059
PTEN,Q82059
PTGX,Q82059
PTLO,Q82059
PTON,Q82059
PTRN,Q82059
PUBM,Q82059
PULM,Q82059
PURR,Q82059
PVLA,Q82059
PWP,Q82059
PXLW,Q82059
PXS,Q82059
PYPL,Q82059
PYXS,Q82059
PZZA,Q82059
QCLS,Q82059
QCOM,Q82059
QCRH,Q82059
QDEL,Q82059
QETA,Q82059
QLYS,Q82059
QMCO,Q82059
QNCX,Q82059
QNST,Q82059
QRHC,Q82059
QRVO,Q82059
QS,Q82059
QSI,Q82059
QTI,Q82059
QTRX,Q82059
QTTB,Q82059
QUBT,Q82059
QUIK,Q82059
QVCGA,Q82059
RAIL,Q82059
RAIN,Q82059
RANI,Q82059
RAPP,Q82059
RAPT,Q82059
RARE,Q82059
RAVE,Q82059
RBB,Q82059
RBBN,Q82059
RBCAA,Q82059
RBKB,Q82059
RBNE,Q82059
RCAT,Q82059
RCEL,Q82059
RCKT,Q82059
RCKY,Q82059
RCMT,Q82059
RDI,Q82059
RDIB,Q82059
RDNT,Q82059
RDNW,Q82059
RDVT,Q82059
REAL,Q82059
REBN,Q82059
REFI,Q82059
REFR,Q82059
REG,Q82059
REGN,Q82059
REKR,Q82059
RELL,Q82059
RELY,Q82059
RENT,Q82059
RENX,Q82059
REPL,Q82059
REVB,Q82059
REYN,Q82059
RFIL,Q82059
RGCO,Q82059
RGEN,Q82059
RGLD,Q82059
RGNX,Q82059
RGP,Q82059
RGS,Q82059
RGTI,Q82059
RICK,Q82059
RIGL,Q82059
RILY,Q82059
RIME,Q82059
RIOT,Q82059
RIVN,Q82059
RJET,Q82059
RKDA,Q82059
RKLB,Q82059
RLAY,Q82059
RLMD,Q82059
RLYB,Q82059
RMBI,Q82059
RMBS,Q82059
RMCF,Q82059
RMCO,Q82059
RMNI,Q82059
RMR,Q82059
RMTI,Q82059
RNA,Q82059
RNAC,Q82059
RNAZ,Q82059
RNTX,Q82059
RNXT,Q82059
ROAD,Q82059
ROCK,Q82059
ROKU,Q82059
ROOT,Q82059
ROP,Q82059
ROST,Q82059
RPAY,Q82059
RPD,Q82059
RPID,Q82059
RR,Q82059
RRBI,Q82059
RRGB,Q82059
RRR,Q82059
RSSS,Q82059
RSVR,Q82059
RUBI,Q82059
RUM,Q82059
RUN,Q82059
RUSHA,Q82059
RUSHB,Q82059
RVMD,Q82059
RVPH,Q82059
RVSB,Q82059
RVYL,Q82059
RWAY,Q82059
RXRX,Q82059
RXST,Q82059
RXT,Q82059
RYM,Q82059
RYTM,Q82059
RZLT,Q82059
SABR,Q82059
SABS,Q82059
SAFT,Q82059
SAFX,Q82059
SAIA,Q82059
SAIC,Q82059
SAIL,Q82059
SAMG,Q82059
SANA,Q82059
SANM,Q82059
SATL,Q82059
SATS,Q82059
SAVA,Q82059
SBAC,Q82059
SBC,Q82059
SBCF,Q82059
SBET,Q82059
SBFG,Q82059
SBFM,Q82059
SBGI,Q82059
SBLX,Q82059
SBRA,Q82059
SBUX,Q82059
SCHL,Q82059
SCKT,Q82059
SCLX,Q82059
SCNX,Q82059
SCOR,Q82059
SCSC,Q82059
SCVL,Q82059
SCWO,Q82059
SCYX,Q82059
SDGR,Q82059
SDHI,Q82059
SDOT,Q82059
SDST,Q82059
SEAT,Q82059
SEDG,Q82059
SEER,Q82059
SEGG,Q82059
SEIC,Q82059
SELF,Q82059
SENEA,Q82059
SENEB,Q82059
SENS,Q82059
SEPN,Q82059
SERA,Q82059
SERV,Q82059
SEV,Q82059
SEZL,Q82059
SFBC,Q82059
SFD,Q82059
SFIX,Q82059
SFM,Q82059
SFNC,Q82059
SFST,Q82059
SGA,Q82059
SGC,Q82059
SGHT,Q82059
SGLY,Q82059
SGMO,Q82059
SGMT,Q82059
SGP,Q82059
SGRP,Q82059
SGRY,Q82059
SHBI,Q82059
SHC,Q82059
SHEN,Q82059
SHFS,Q82059
SHIM,Q82059
SHIP,Q82059
SHLS,Q82059
SHOO,Q82059
SHPH,Q82059
SIBN,Q82059
SIDU,Q82059
SIEB,Q82059
SIGA,Q82059
SIGI,Q82059
SILO,Q82059
SINT,Q82059
SION,Q82059
SIRI,Q82059
SITM,Q82059
SKIN,Q82059
SKWD,Q82059
SKYE,Q82059
SKYQ,Q82059
SKYT,Q82059
SKYW,Q82059
SKYX,Q82059
SLAB,Q82059
SLDB,Q82059
SLDE,Q82059
SLDP,Q82059
SLE,Q82059
SLM,Q82059
SLNG,Q82059
SLNH,Q82059
SLNO,Q82059
SLP,Q82059
SLS,Q82059
SLSN,Q82059
SMBC,Q82059
SMCI,Q82059
SMID,Q82059
SMMT,Q82059
SMPL,Q82059
SMSI,Q82059
SMTC,Q82059
SMTI,Q82059
SMTK,Q82059
SMXT,Q82059
SNAL,Q82059
SNBR,Q82059
SNCR,Q82059
SNCY,Q82059
SND,Q82059
SNDK,Q82059
SNDX,Q82059
SNES,Q82059
SNEX,Q82059
SNFCA,Q82059
SNGX,Q82059
SNOA,Q82059
SNPS,Q82059
SNSE,Q82059
SNTI,Q82059
SNWV,Q82059
SNYR,Q82059
SOBR,Q82059
SOFI,Q82059
SOLS,Q82059
SONM,Q82059
SONO,Q82059
SOPA,Q82059
SOTK,Q82059
SOUN,Q82059
SOWG,Q82059
SPAI,Q82059
SPFI,Q82059
SPOK,Q82059
SPRB,Q82059
SPRO,Q82059
SPRY,Q82059
SPSC,Q82059
SPT,Q82059
SPWH,Q82059
SPWR,Q82059
SRBK,Q82059
SRCE,Q82059
SRPT,Q82059
SRRK,Q82059
SRTA,Q82059
SRTS,Q82059
SRZN,Q82059
SSBI,Q82059
SSII,Q82059
SSKN,Q82059
SSNC,Q82059
SSP,Q82059
SSRM,Q82059
SSTI,Q82059
SSYS,Q82059
STAA,Q82059
STBA,Q82059
STEP,Q82059
STEX,Q82059
STGW,Q82059
STI,Q82059
STIM,Q82059
STKL,Q82059
STKS,Q82059
STLD,Q82059
STOK,Q82059
STRA,Q82059
STRL,Q82059
STRO,Q82059
STRR,Q82059
STRS,Q82059
STRT,Q82059
STSS,Q82059
STTK,Q82059
SUIG,Q82059
SUNE,Q82059
SUPN,Q82059
SURG,Q82059
SUUN,Q82059
SVCO,Q82059
SVRA,Q82059
SVRN,Q82059
SWAG,Q82059
SWBI,Q82059
SWIM,Q82059
SWKH,Q82059
SWKS,Q82059
SXTC,Q82059
SXTP,Q82059
SYBT,Q82059
SYM,Q82059
SYNA,Q82059
SYPR,Q82059
SYRE,Q82059
TACT,Q82059
TALK,Q82059
TAOX,Q82059
TARA,Q82059
TARS,Q82059
TASK,Q82059
TAYD,Q82059
TBBK,Q82059
TBCH,Q82059
TBH,Q82059
TBHC,Q82059
TBMC,Q82059
TBRG,Q82059
TCBI,Q82059
TCBK,Q82059
TCMD,Q82059
TCRT,Q82059
TCRX,Q82059
TCX,Q82059
TDUP,Q82059
TEAD,Q82059
TEAM,Q82059
TECH,Q82059
TECX,Q82059
TELA,Q82059
TELO,Q82059
TEM,Q82059
TENB,Q82059
TENX,Q82059
TER,Q82059
TERN,Q82059
TFSL,Q82059
TGL,Q82059
TGTX,Q82059
TH,Q82059
THAR,Q82059
THFF,Q82059
THRM,Q82059
THRY,Q82059
TIGO,Q82059
TIL,Q82059
TILE,Q82059
TIPT,Q82059
TITN,Q82059
TIVC,Q82059
TKNO,Q82059
TLF,Q82059
TLN,Q82059
TLPH,Q82059
TLRY,Q82059
TLS,Q82059
TLSI,Q82059
TMC,Q82059
TMCI,Q82059
TMDX,Q82059
TMUS,Q82059
TNDM,Q82059
TNGX,Q82059
TNON,Q82059
TNXP,Q82059
TNYA,Q82059
TOI,Q82059
TOMZ,Q82059
TONX,Q82059
TORO,Q82059
TOWN,Q82059
TPCS,Q82059
TPG,Q82059
TPST,Q82059
TRAW,Q82059
TRDA,Q82059
TREE,Q82059
TRIN,Q82059
TRIP,Q82059
TRMB,Q82059
TRMD,Q82059
TRNR,Q82059
TRNS,Q82059
TRON,Q82059
TROW,Q82059
TRS,Q82059
TRUG,Q82059
TRUP,Q82059
TRVI,Q82059
TSBK,Q82059
TSCO,Q82059
TSHA,Q82059
TSLA,Q82059
TSSI,Q82059
TTAN,Q82059
TTD,Q82059
TTEC,Q82059
TTEK,Q82059
TTGT,Q82059
TTMI,Q82059
TTRX,Q82059
TTWO,Q82059
TULP,Q82059
TUSK,Q82059
TVGN,Q82059
TVRD,Q82059
TVTX,Q82059
TW,Q82059
TWAV,Q82059
TWFG,Q82059
TWIN,Q82059
TWST,Q82059
TXG,Q82059
TXMD,Q82059
TXN,Q82059
TXRH,Q82059
TYGO,Q82059
TYRA,Q82059
TZOO,Q82059
UCFI,Q82059
UCTT,Q82059
UDMY,Q82059
UEIC,Q82059
UFPI,Q82059
UFPT,Q82059
UGRO,Q82059
ULBI,Q82059
ULCC,Q82059
ULH,Q82059
ULTA,Q82059
ULY,Q82059
UMBF,Q82059
UNB,Q82059
UNCY,Q82059
UONE,Q82059
UONEK,Q82059
UPB,Q82059
UPBD,Q82059
UPLD,Q82059
UPST,Q82059
UPWK,Q82059
UPXI,Q82059
URBN,Q82059
UROY,Q82059
USAR,Q82059
USAU,Q82059
USCB,Q82059
USEG,Q82059
USGO,Q82059
USIO,Q82059
UTMD,Q82059
UVSP,Q82059
VABK,Q82059
VALU,Q82059
VANI,Q82059
VBIX,Q82059
VC,Q82059
VCEL,Q82059
VCTR,Q82059
VCYT,Q82059
VECO,Q82059
VEEA,Q82059
VEEE,Q82059
VELO,Q82059
VERA,Q82059
VERI,Q82059
VERU,Q82059
VERX,Q82059
VGAS,Q82059
VHC,Q82059
VHUB,Q82059
VIAV,Q82059
VICR,Q82059
VIR,Q82059
VIRC,Q82059
VISN,Q82059
VITL,Q82059
VIVS,Q82059
VKTX,Q82059
VLGEA,Q82059
VLY,Q82059
VNCE,Q82059
VNDA,Q82059
VNOM,Q82059
VOR,Q82059
VOXR,Q82059
VRA,Q82059
VRAR,Q82059
VRCA,Q82059
VRDN,Q82059
VREX,Q82059
VRM,Q82059
VRME,Q82059
VRNS,Q82059
VRRM,Q82059
VRSK,Q82059
VRSN,Q82059
VRTX,Q82059
VS,Q82059
VSAT,Q82059
VSEC,Q82059
VSEE,Q82059
VSNT,Q82059
VSTD,Q82059
VSTM,Q82059
VTGN,Q82059
VTIX,Q82059
VTRS,Q82059
VTSI,Q82059
VTVT,Q82059
VTYX,Q82059
VUZI,Q82059
VVOS,Q82059
VWAV,Q82059
VYGR,Q82059
VYNE,Q82059
WABC,Q82059
WAFD,Q82059
WATT,Q82059
WAY,Q82059
WBD,Q82059
WBTN,Q82059
WDAY,Q82059
WDC,Q82059
WDFC,Q82059
WEN,Q82059
WERN,Q82059
WEST,Q82059
WETH,Q82059
WEYS,Q82059
WFCF,Q82059
WGRX,Q82059
WGS,Q82059
WHWK,Q82059
WINA,Q82059
WING,Q82059
WKHS,Q82059
WKSP,Q82059
WLDN,Q82059
WLFC,Q82059
WLTH,Q82059
WMG,Q82059
WMT,Q82059
WNEB,Q82059
WOOF,Q82059
WORX,Q82059
WRAP,Q82059
WRLD,Q82059
WSBC,Q82059
WSBF,Q82059
WSBK,Q82059
WSC,Q82059
WSFS,Q82059
WTBA,Q82059
WULF,Q82059
WVVI,Q82059
WW,Q82059
WWD,Q82059
WYNN,Q82059
XAIR,Q82059
XBIO,Q82059
XBIT,Q82059
XBP,Q82059
XCUR,Q82059
XEL,Q82059
XELB,Q82059
XERS,Q82059
XFOR,Q82059
XGN,Q82059
XHLD,Q82059
XLO,Q82059
XMTR,Q82059
XNCR,Q82059
XOMA,Q82059
XOS,Q82059
XP,Q82059
XPEL,Q82059
XPON,Q82059
XRAY,Q82059
XRTX,Q82059
XRX,Q82059
XTIA,Q82059
XWEL,Q82059
XWIN,Q82059
XXII,Q82059
YHC,Q82059
YHGJ,Q82059
YORW,Q82059
YYAI,Q82059
ZBIO,Q82059
ZBRA,Q82059
ZD,Q82059
ZENA,Q82059
ZENV,Q82059
ZEO,Q82059
ZEUS,Q82059
ZG,Q82059
ZION,Q82059
ZM,Q82059
ZNTL,Q82059
ZS,Q82059
ZSPC,Q82059
ZSTK,Q82059
ZTEK,Q82059
ZUMZ,Q82059
ZVRA,Q82059
ZYME,Q82059
A,Q13677
AA,Q13677
AAMI,Q13677
AAT,Q13677
ABBV,Q13677
ABCB,Q13677
ABG,Q13677
ABM,Q13677
ABR,Q13677
ABT,Q13677
ABX,Q13677
ACA,Q13677
ACCO,Q13677
ACCS,Q13677
ACH,Q13677
ACHR,Q13677
ACHR.WS,Q13677
ACI,Q13677
ACM,Q13677
ACR,Q13677
ACRE,Q13677
ACU,Q13677
ACVA,Q13677
ADC,Q13677
ADM,Q13677
ADT,Q13677
AEE,Q13677
AEF,Q13677
AEM,Q13677
AEO,Q13677
AEON,Q13677
AES,Q13677
AESI,Q13677
AFG,Q13677
AFL,Q13677
AGCO,Q13677
AGIG,Q13677
AGL,Q13677
AGM,Q13677
AGM.A,Q13677
AGO,Q13677
AGX,Q13677
AHH,Q13677
AHR,Q13677
AHT,Q13677
AI,Q13677
AIG,Q13677
AII,Q13677
AIM,Q13677
AIN,Q13677
AIR,Q13677
AIRI,Q13677
AIT,Q13677
AIV,Q13677
AIZ,Q13677
AJG,Q13677
AKA,Q13677
AKO.A,Q13677
AKO.B,Q13677
AKR,Q13677
AL,Q13677
ALB,Q13677
ALEX,Q13677
ALG,Q13677
ALH,Q13677
ALIT,Q13677
ALK,Q13677
ALL,Q13677
ALLY,Q13677
ALSN,Q13677
ALTG,Q13677
ALUR,Q13677
ALUR.WS,Q13677
ALV,Q13677
ALX,Q13677
AM,Q13677
AMBQ,Q13677
AMC,Q13677
AMG,Q13677
AMP,Q13677
AMPX,Q13677
AMPX.WS,Q13677
AMPY,Q13677
AMR,Q13677
AMRC,Q13677
AMS,Q13677
AMT,Q13677
AMTB,Q13677
AMTM,Q13677
AMWL,Q13677
AMZE,Q13677
AN,Q13677
ANDG,Q13677
ANET,Q13677
ANF,Q13677
ANGX,Q13677
ANRO,Q13677
ANVS,Q13677
AOMR,Q13677
AORT,Q13677
AOS,Q13677
AP,Q13677
APAM,Q13677
APD,Q13677
APG,Q13677
APH,Q13677
APO,Q13677
APT,Q13677
APUS,Q13677
AR,Q13677
ARDT,Q13677
ARE,Q13677
AREN,Q13677
ARES,Q13677
ARL,Q13677
ARLO,Q13677
ARMK,Q13677
ARMP,Q13677
AROC,Q13677
ARW,Q13677
ASAN,Q13677
ASB,Q13677
ASC,Q13677
ASGN,Q13677
ASH,Q13677
ASIC,Q13677
ASIX,Q13677
ASPN,Q13677
ASR,Q13677
ATCH,Q13677
ATEN,Q13677
ATGE,Q13677
ATI,Q13677
ATKR,Q13677
ATMU,Q13677
ATNM,Q13677
ATO,Q13677
ATR,Q13677
AUB,Q13677
AVA,Q13677
AVB,Q13677
AVBC,Q13677
AVD,Q13677
AVNS,Q13677
AVNT,Q13677
AVTR,Q13677
AVY,Q13677
AWI,Q13677
AWK,Q13677
AWR,Q13677
AWX,Q13677
AX,Q13677
AXIL,Q13677
AXP,Q13677
AXR,Q13677
AXS,Q13677
AYI,Q13677
AZO,Q13677
AZTR,Q13677
BA,Q13677
BAC,Q13677
BAH,Q13677
BALL,Q13677
BALY,Q13677
BANC,Q13677
BAP,Q13677
BARK,Q13677
BATL,Q13677
BAX,Q13677
BB,Q13677
BBAI,Q13677
BBAI.WS,Q13677
BBBY,Q13677
BBBY.WS,Q13677
BBDC,Q13677
BBT,Q13677
BBVA,Q13677
BBW,Q13677
BBY,Q13677
BC,Q13677
BCC,Q13677
BCE,Q13677
BCO,Q13677
BCS,Q13677
BCSF,Q13677
BDC,Q13677
BDL,Q13677
BDN,Q13677
BDX,Q13677
BE,Q13677
BEN,Q13677
BETA,Q13677
BF.A,Q13677
BF.B,Q13677
BFAM,Q13677
BFH,Q13677
BFLY,Q13677
BFS,Q13677
BGI,Q13677
BGS,Q13677
BGSF,Q13677
BH,Q13677
BH.A,Q13677
BHB,Q13677
BHC,Q13677
BHE,Q13677
BHM,Q13677
BHR,Q13677
BILL,Q13677
BIO,Q13677
BIO.B,Q13677
BJ,Q13677
BK,Q13677
BKD,Q13677
BKE,Q13677
BKH,Q13677
BKKT,Q13677
BKKT.WS,Q13677
BKSY,Q13677
BKSY.WS,Q13677
BKTI,Q13677
BKU,Q13677
BKV,Q13677
BLD,Q13677
BLDR,Q13677
BLK,Q13677
BLND,Q13677
BMI,Q13677
BMNR,Q13677
BMO,Q13677
BMY,Q13677
BNED,Q13677
BNL,Q13677
BOBS,Q13677
BOC,Q13677
BOH,Q13677
BOOT,Q13677
BOW,Q13677
BOX,Q13677
BP,Q13677
BR,Q13677
BRBR,Q13677
BRBS,Q13677
BRC,Q13677
BRCC,Q13677
BRK.A,Q13677
BRK.B,Q13677
BRN,Q13677
BRO,Q13677
BROS,Q13677
BRSP,Q13677
BRT,Q13677
BRX,Q13677
BSX,Q13677
BTGO,Q13677
BTI,Q13677
BTO,Q13677
BTU,Q13677
BUDA,Q13677
BURL,Q13677
BURU,Q13677
BV,Q13677
BW,Q13677
BWA,Q13677
BWXT,Q13677
BX,Q13677
BXC,Q13677
BXMT,Q13677
BXP,Q13677
BY,Q13677
BYD,Q13677
BZH,Q13677
C,Q13677
CABO,Q13677
CACI,Q13677
CAF,Q13677
CAG,Q13677
CAH,Q13677
CAL,Q13677
CALX,Q13677
CALY,Q13677
CARR,Q13677
CARS,Q13677
CAT,Q13677
CATO,Q13677
CATX,Q13677
CAVA,Q13677
CB,Q13677
CBAN,Q13677
CBL,Q13677
CBNA,Q13677
CBRE,Q13677
CBT,Q13677
CBU,Q13677
CBZ,Q13677
CC,Q13677
CCEL,Q13677
CCI,Q13677
CCJ,Q13677
CCL,Q13677
CCO,Q13677
CCS,Q13677
CCU,Q13677
CDE,Q13677
CDRE,Q13677
CE,Q13677
CEE,Q13677
CET,Q13677
CF,Q13677
CFG,Q13677
CFND,Q13677
CFR,Q13677
CHCT,Q13677
CHD,Q13677
CHGG,Q13677
CHH,Q13677
CHMI,Q13677
CHPT,Q13677
CHWY,Q13677
CI,Q13677
CIA,Q13677
CIEN,Q13677
CIF,Q13677
CII,Q13677
CIK,Q13677
CIM,Q13677
CION,Q13677
CITR,Q13677
CIX,Q13677
CKX,Q13677
CL,Q13677
CLB,Q13677
CLDI,Q13677
CLF,Q13677
CLH,Q13677
CLPR,Q13677
CLS,Q13677
CLW,Q13677
CLX,Q13677
CM,Q13677
CMC,Q13677
CMDB,Q13677
CMG,Q13677
CMI,Q13677
CMP,Q13677
CMRE,Q13677
CMS,Q13677
CMT,Q13677
CMTG,Q13677
CMU,Q13677
CNA,Q13677
CNC,Q13677
CNI,Q13677
CNK,Q13677
CNM,Q13677
CNMD,Q13677
CNNE,Q13677
CNO,Q13677
CNP,Q13677
CNQ,Q13677
CNR,Q13677
CNS,Q13677
CNX,Q13677
COF,Q13677
COHR,Q13677
COLD,Q13677
COMP,Q13677
CON,Q13677
COOK,Q13677
COP,Q13677
COR,Q13677
COSO,Q13677
COTY,Q13677
COUR,Q13677
CPA,Q13677
CPAY,Q13677
CPHI,Q13677
CPK,Q13677
CPNG,Q13677
CPS,Q13677
CPT,Q13677
CR,Q13677
CRBG,Q13677
CRC,Q13677
CRCL,Q13677
CRD.A,Q13677
CRD.B,Q13677
CRF,Q13677
CRGY,Q13677
CRI,Q13677
CRK,Q13677
CRL,Q13677
CRM,Q13677
CRS,Q13677
CRT,Q13677
CSL,Q13677
CSR,Q13677
CSV,Q13677
CSW,Q13677
CTEV,Q13677
CTGO,Q13677
CTM,Q13677
CTO,Q13677
CTOS,Q13677
CTRA,Q13677
CTRE,Q13677
CTRI,Q13677
CTS,Q13677
CTVA,Q13677
CUBI,Q13677
CULP,Q13677
CURB,Q13677
CURV,Q13677
CUZ,Q13677
CVE,Q13677
CVI,Q13677
CVLG,Q13677
CVM,Q13677
CVNA,Q13677
CVR,Q13677
CVS,Q13677
CVU,Q13677
CVX,Q13677
CW,Q13677
CWAN,Q13677
CWEN,Q13677
CWEN.A,Q13677
CWH,Q13677
CWT,Q13677
CXE,Q13677
CXH,Q13677
CXM,Q13677
CXT,Q13677
CXW,Q13677
CYD,Q13677
CYH,Q13677
D,Q13677
DAC,Q13677
DAL,Q13677
DAN,Q13677
DAR,Q13677
DB,Q13677
DBD,Q13677
DBI,Q13677
DC,Q13677
DCH,Q13677
DCI,Q13677
DCO,Q13677
DD,Q13677
DDD,Q13677
DDS,Q13677
DE,Q13677
DEA,Q13677
DEC,Q13677
DECK,Q13677
DEI,Q13677
DELL,Q13677
DEO,Q13677
DFH,Q13677
DFIN,Q13677
DFP,Q13677
DG,Q13677
DGX,Q13677
DHF,Q13677
DHI,Q13677
DHR,Q13677
DHX,Q13677
DHY,Q13677
DIN,Q13677
DINO,Q13677
DIS,Q13677
DIT,Q13677
DK,Q13677
DKS,Q13677
DLB,Q13677
DLR,Q13677
DLX,Q13677
DMA,Q13677
DMB,Q13677
DMO,Q13677
DNA,Q13677
DNOW,Q13677
DNP,Q13677
DOC,Q13677
DOCN,Q13677
DOCS,Q13677
DOUG,Q13677
DOV,Q13677
DOW,Q13677
DRI,Q13677
DSM,Q13677
DSS,Q13677
DSU,Q13677
DSX,Q13677
DT,Q13677
DTE,Q13677
DTF,Q13677
DTM,Q13677
DUK,Q13677
DV,Q13677
DVA,Q13677
DVN,Q13677
DX,Q13677
DXC,Q13677
DXYZ,Q13677
DY,Q13677
E,Q13677
EAF,Q13677
EAT,Q13677
EB,Q13677
EBF,Q13677
EBS,Q13677
ECC,Q13677
ECG,Q13677
ECL,Q13677
ECO,Q13677
ECVT,Q13677
ED,Q13677
EDD,Q13677
EE,Q13677
EEA,Q13677
EEX,Q13677
EFC,Q13677
EFX,Q13677
EG,Q13677
EGP,Q13677
EGY,Q13677
EHAB,Q13677
EHC,Q13677
EHI,Q13677
EIC,Q13677
EIG,Q13677
EIX,Q13677
EL,Q13677
ELA,Q13677
ELAN,Q13677
ELF,Q13677
ELMD,Q13677
ELME,Q13677
ELS,Q13677
ELV,Q13677
EMBJ,Q13677
EMD,Q13677
EME,Q13677
EMF,Q13677
EMN,Q13677
EMO,Q13677
EMR,Q13677
ENB,Q13677
ENIC,Q13677
ENOV,Q13677
ENR,Q13677
ENS,Q13677
ENVA,Q13677
EOG,Q13677
EONR,Q13677
EONR.WS,Q13677
EOS,Q13677
EP,Q13677
EPAC,Q13677
EPAM,Q13677
EPC,Q13677
EPD,Q13677
EPM,Q13677
EPR,Q13677
EPRT,Q13677
EQBK,Q13677
EQH,Q13677
EQS,Q13677
EQT,Q13677
ERC,Q13677
ES,Q13677
ESAB,Q13677
ESE,Q13677
ESI,Q13677
ESP,Q13677
ESRT,Q13677
ESS,Q13677
ETD,Q13677
ETO,Q13677
ETR,Q13677
ETSY,Q13677
EVC,Q13677
EVEX,Q13677
EVEX.WS,Q13677
EVF,Q13677
EVH,Q13677
EVI,Q13677
EVMN,Q13677
EVN,Q13677
EVR,Q13677
EVTC,Q13677
EW,Q13677
EXOD,Q13677
EXP,Q13677
EXPD,Q13677
EXR,Q13677
F,Q13677
FAF,Q13677
FAX,Q13677
FBIN,Q13677
FBK,Q13677
FBP,Q13677
FBRT,Q13677
FC,Q13677
FCF,Q13677
FCN,Q13677
FCO,Q13677
FCPT,Q13677
FCX,Q13677
FDP,Q13677
FDS,Q13677
FDX,Q13677
FE,Q13677
FERG,Q13677
FET,Q13677
FFWM,Q13677
FG,Q13677
FHI,Q13677
FHN,Q13677
FICO,Q13677
FIG,Q13677
FIGS,Q13677
FIS,Q13677
FIX,Q13677
FJET,Q13677
FLC,Q13677
FLG,Q13677
FLO,Q13677
FLOC,Q13677
FLR,Q13677
FLS,Q13677
FLYX,Q13677
FLYX.WS,Q13677
FMC,Q13677
FMX,Q13677
FNB,Q13677
FND,Q13677
FNF,Q13677
FOA,Q13677
FOF,Q13677
FOR,Q13677
FOUR,Q13677
FPI,Q13677
FPS,Q13677
FR,Q13677
FRA,Q13677
FRGE,Q13677
FRT,Q13677
FSCO,Q13677
FSI,Q13677
FSK,Q13677
FSP,Q13677
FSS,Q13677
FT,Q13677
FTHY,Q13677
FTK,Q13677
FTV,Q13677
FUBO,Q13677
FUL,Q13677
FUN,Q13677
FVR,Q13677
G,Q13677
GAB,Q13677
GAM,Q13677
GAP,Q13677
GATX,Q13677
GBCI,Q13677
GBR,Q13677
GBTG,Q13677
GBX,Q13677
GCO,Q13677
GCTS,Q13677
GCTS.WS,Q13677
GCV,Q13677
GD,Q13677
GDDY,Q13677
GDO,Q13677
GDOT,Q13677
GE,Q13677
GEF,Q13677
GEF.B,Q13677
GENC,Q13677
GETY,Q13677
GEV,Q13677
GF,Q13677
GFF,Q13677
GGB,Q13677
GGG,Q13677
GGT,Q13677
GHC,Q13677
GHM,Q13677
GIB,Q13677
GIC,Q13677
GIL,Q13677
GIS,Q13677
GKOS,Q13677
GL,Q13677
GLO,Q13677
GLW,Q13677
GM,Q13677
GME,Q13677
GME.WS,Q13677
GMED,Q13677
GMRE,Q13677
GNE,Q13677
GNL,Q13677
GNRC,Q13677
GNW,Q13677
GOLD,Q13677
GOLF,Q13677
GORO,Q13677
GPC,Q13677
GPGI,Q13677
GPI,Q13677
GPMT,Q13677
GPN,Q13677
GPUS,Q13677
GRBK,Q13677
GRC,Q13677
GRDN,Q13677
GRF,Q13677
GRMN,Q13677
GRND,Q13677
GRNT,Q13677
GROV,Q13677
GS,Q13677
GSBD,Q13677
GTE,Q13677
GTLS,Q13677
GTN,Q13677
GTN.A,Q13677
GTY,Q13677
GUT,Q13677
GVA,Q13677
GWH,Q13677
GWRE,Q13677
GWW,Q13677
GXO,Q13677
H,Q13677
HAE,Q13677
HAL,Q13677
HASI,Q13677
HAYW,Q13677
HBB,Q13677
HCA,Q13677
HCC,Q13677
HCI,Q13677
HCWC,Q13677
HD,Q13677
HDB,Q13677
HE,Q13677
HEI,Q13677
HEI.A,Q13677
HGLB,Q13677
HGTY,Q13677
HGV,Q13677
HHH,Q13677
HIG,Q13677
HII,Q13677
HIMS,Q13677
HIO,Q13677
HIPO,Q13677
HIW,Q13677
HIX,Q13677
HL,Q13677
HLI,Q13677
HLIO,Q13677
HLLY,Q13677
HLT,Q13677
HLX,Q13677
HMC,Q13677
HMN,Q13677
HNGE,Q13677
HNI,Q13677
HOG,Q13677
HOMB,Q13677
HOV,Q13677
HP,Q13677
HPE,Q13677
HPP,Q13677
HPQ,Q13677
HR,Q13677
HRB,Q13677
HRI,Q13677
HRL,Q13677
HRTG,Q13677
HSBC,Q13677
HSY,Q13677
HTB,Q13677
HTGC,Q13677
HUBB,Q13677
HUBS,Q13677
HUM,Q13677
HUN,Q13677
HVT,Q13677
HVT.A,Q13677
HWM,Q13677
HXL,Q13677
HY,Q13677
HYI,Q13677
HYLN,Q13677
HYT,Q13677
HZO,Q13677
IAF,Q13677
IBM,Q13677
IBN,Q13677
IBO,Q13677
IBP,Q13677
IBTA,Q13677
ICE,Q13677
IDA,Q13677
IDR,Q13677
IDT,Q13677
IE,Q13677
IEX,Q13677
IFF,Q13677
IFN,Q13677
IGC,Q13677
IGI,Q13677
IIF,Q13677
IIIN,Q13677
IIM,Q13677
IIPR,Q13677
IMAX,Q13677
IMO,Q13677
INFU,Q13677
ING,Q13677
INGM,Q13677
INGR,Q13677
INLX,Q13677
INN,Q13677
INR,Q13677
INSP,Q13677
INSW,Q13677
INTT,Q13677
INVH,Q13677
INVX,Q13677
IONQ,Q13677
IONQ.WS,Q13677
IOR,Q13677
IOT,Q13677
IP,Q13677
IPI,Q13677
IQI,Q13677
IQV,Q13677
IR,Q13677
IRM,Q13677
IRS,Q13677
IRT,Q13677
IT,Q13677
ITGR,Q13677
ITP,Q13677
ITT,Q13677
ITW,Q13677
IVR,Q13677
IVT,Q13677
IVZ,Q13677
J,Q13677
JBI,Q13677
JBL,Q13677
JBTM,Q13677
JEF,Q13677
JELD,Q13677
JFR,Q13677
JHI,Q13677
JHS,Q13677
JILL,Q13677
JLL,Q13677
JNJ,Q13677
JOB,Q13677
JOBY,Q13677
JOE,Q13677
JOF,Q13677
JPM,Q13677
JXN,Q13677
KAI,Q13677
KAPA,Q13677
KBDC,Q13677
KBH,Q13677
KBR,Q13677
KD,Q13677
KEP,Q13677
KEX,Q13677
KEY,Q13677
KEYS,Q13677
KF,Q13677
KFRC,Q13677
KFS,Q13677
KFY,Q13677
KGC,Q13677
KGS,Q13677
KIM,Q13677
KKR,Q13677
KLC,Q13677
KMI,Q13677
KMT,Q13677
KN,Q13677
KNF,Q13677
KNSL,Q13677
KNTK,Q13677
KO,Q13677
KOP,Q13677
KORE,Q13677
KR,Q13677
KRC,Q13677
KREF,Q13677
KRG,Q13677
KRMN,Q13677
KRO,Q13677
KSS,Q13677
KT,Q13677
KTB,Q13677
KULR,Q13677
KVUE,Q13677
KVYO,Q13677
KW,Q13677
KWR,Q13677
L,Q13677
LAD,Q13677
LADR,Q13677
LAW,Q13677
LAZ,Q13677
LBRT,Q13677
LC,Q13677
LCTX,Q13677
LDI,Q13677
LDOS,Q13677
LEA,Q13677
LEG,Q13677
LEN,Q13677
LEO,Q13677
LEU,Q13677
LEVI,Q13677
LFT,Q13677
LGCY,Q13677
LGI,Q13677
LGL,Q13677
LH,Q13677
LHX,Q13677
LII,Q13677
LLY,Q13677
LMND,Q13677
LMT,Q13677
LNC,Q13677
LNG,Q13677
LNN,Q13677
LOAR,Q13677
LOB,Q13677
LOCL,Q13677
LODE,Q13677
LOW,Q13677
LPG,Q13677
LPX,Q13677
LRN,Q13677
LSF,Q13677
LTC,Q13677
LTH,Q13677
LTM,Q13677
LUCK,Q13677
LUMN,Q13677
LUV,Q13677
LVS,Q13677
LVWR,Q13677
LVWR.WS,Q13677
LW,Q13677
LXP,Q13677
LXU,Q13677
LYV,Q13677
LZB,Q13677
M,Q13677
MA,Q13677
MAA,Q13677
MAC,Q13677
MAGN,Q13677
MAIA,Q13677
MAIN,Q13677
MAN,Q13677
MANE,Q13677
MAS,Q13677
MATV,Q13677
MATX,Q13677
MAX,Q13677
MBC,Q13677
MBI,Q13677
MC,Q13677
MCB,Q13677
MCD,Q13677
MCI,Q13677
MCK,Q13677
MCO,Q13677
MCR,Q13677
MCS,Q13677
MCY,Q13677
MD,Q13677
MDU,Q13677
MDV,Q13677
MEC,Q13677
MED,Q13677
MEG,Q13677
MEI,Q13677
MET,Q13677
MFC,Q13677
MFM,Q13677
MG,Q13677
MGA,Q13677
MGF,Q13677
MGLD,Q13677
MGM,Q13677
MGY,Q13677
MH,Q13677
MHD,Q13677
MHF,Q13677
MHH,Q13677
MHK,Q13677
MHO,Q13677
MIAX,Q13677
MIN,Q13677
MIR,Q13677
MITQ,Q13677
MITT,Q13677
MIY,Q13677
MKC,Q13677
MKC.V,Q13677
MKL,Q13677
MLI,Q13677
MLM,Q13677
MLP,Q13677
MLR,Q13677
MLSS,Q13677
MMI,Q13677
MMM,Q13677
MMS,Q13677
MMT,Q13677
MMU,Q13677
MNTN,Q13677
MOD,Q13677
MOG.A,Q13677
MOG.B,Q13677
MOH,Q13677
MOS,Q13677
MOV,Q13677
MP,Q13677
MPA,Q13677
MPC,Q13677
MPT,Q13677
MPTI,Q13677
MPV,Q13677
MPX,Q13677
MQT,Q13677
MQY,Q13677
MRK,Q13677
MRP,Q13677
MRSH,Q13677
MS,Q13677
MSA,Q13677
MSB,Q13677
MSCI,Q13677
MSD,Q13677
MSDL,Q13677
MSGE,Q13677
MSGS,Q13677
MSI,Q13677
MSIF,Q13677
MSM,Q13677
MSN,Q13677
MTB,Q13677
MTD,Q13677
MTDR,Q13677
MTG,Q13677
MTH,Q13677
MTN,Q13677
MTNB,Q13677
MTR,Q13677
MTW,Q13677
MTX,Q13677
MTZ,Q13677
MUA,Q13677
MUC,Q13677
MUFG,Q13677
MUJ,Q13677
MUR,Q13677
MUSA,Q13677
MUX,Q13677
MVF,Q13677
MVT,Q13677
MWA,Q13677
MX,Q13677
MXC,Q13677
MXE,Q13677
MXF,Q13677
MYD,Q13677
MYE,Q13677
MYI,Q13677
MYN,Q13677
MYO,Q13677
NABL,Q13677
NAD,Q13677
NAK,Q13677
NAN,Q13677
NAT,Q13677
NATL,Q13677
NAZ,Q13677
NBH,Q13677
NBHC,Q13677
NBXG,Q13677
NBY,Q13677
NC,Q13677
NCDL,Q13677
NCL,Q13677
NEE,Q13677
NET,Q13677
NEU,Q13677
NFG,Q13677
NGS,Q13677
NGVC,Q13677
NGVT,Q13677
NHC,Q13677
NHI,Q13677
NHS,Q13677
NI,Q13677
NIC,Q13677
NIM,Q13677
NJR,Q13677
NKE,Q13677
NL,Q13677
NLY,Q13677
NMAX,Q13677
NMI,Q13677
NML,Q13677
NMT,Q13677
NMZ,Q13677
NNI,Q13677
NNN,Q13677
NNVC,Q13677
NNY,Q13677
NOC,Q13677
NOG,Q13677
NOTE,Q13677
NOTE.WS,Q13677
NOV,Q13677
NOW,Q13677
NP,Q13677
NPB,Q13677
NPK,Q13677
NPKI,Q13677
NPO,Q13677
NPV,Q13677
NPWR,Q13677
NPWR.WS,Q13677
NQP,Q13677
NRDY,Q13677
NREF,Q13677
NRG,Q13677
NRGV,Q13677
NRO,Q13677
NRT,Q13677
NRXS,Q13677
NSC,Q13677
NSP,Q13677
NTIP,Q13677
NTST,Q13677
NUE,Q13677
NUS,Q13677
NUV,Q13677
NUVB,Q13677
NVO,Q13677
NVR,Q13677
NVRI,Q13677
NVS,Q13677
NVST,Q13677
NWAX,Q13677
NWAX.U,Q13677
NWAX.WS,Q13677
NWN,Q13677
NX,Q13677
NXDR,Q13677
NXDT,Q13677
NXP,Q13677
NXRT,Q13677
NYC,Q13677
NYT,Q13677
O,Q13677
OBDC,Q13677
OBK,Q13677
OC,Q13677
ODC,Q13677
OFG,Q13677
OFRM,Q13677
OGE,Q13677
OGEN,Q13677
OGN,Q13677
OGS,Q13677
OHI,Q13677
OI,Q13677
OIA,Q13677
OII,Q13677
OIS,Q13677
OKE,Q13677
OKLO,Q13677
OLN,Q13677
OLP,Q13677
OMC,Q13677
OMF,Q13677
ONIT,Q13677
ONL,Q13677
ONTF,Q13677
ONTO,Q13677
OOMA,Q13677
OPAD,Q13677
OPFI,Q13677
OPHC,Q13677
OPLN,Q13677
OPP,Q13677
OPTT,Q13677
OPTU,Q13677
OPY,Q13677
ORA,Q13677
ORC,Q13677
ORCL,Q13677
ORI,Q13677
OSCR,Q13677
OSG,Q13677
OSK,Q13677
OSTX,Q13677
OTF,Q13677
OTH,Q13677
OTIS,Q13677
OUT,Q13677
OWL,Q13677
OWLT,Q13677
OXM,Q13677
OXY,Q13677
PAAS,Q13677
PACK,Q13677
PACS,Q13677
PAG,Q13677
PAPL,Q13677
PAR,Q13677
PARR,Q13677
PATH,Q13677
PAY,Q13677
PAYC,Q13677
PB,Q13677
PBF,Q13677
PBH,Q13677
PBI,Q13677
PBT,Q13677
PCF,Q13677
PCG,Q13677
PCM,Q13677
PCN,Q13677
PCOR,Q13677
PCQ,Q13677
PD,Q13677
PDCC,Q13677
PDI,Q13677
PDM,Q13677
PDS,Q13677
PED,Q13677
PEG,Q13677
PEN,Q13677
PEO,Q13677
PEW,Q13677
PEW.WS,Q13677
PFE,Q13677
PFGC,Q13677
PFLT,Q13677
PFS,Q13677
PFSI,Q13677
PG,Q13677
PGR,Q13677
PH,Q13677
PHGE,Q13677
PHIN,Q13677
PHM,Q13677
PHR,Q13677
PII,Q13677
PIM,Q13677
PINE,Q13677
PINS,Q13677
PIPR,Q13677
PJT,Q13677
PK,Q13677
PKE,Q13677
PKG,Q13677
PKX,Q13677
PL,Q13677
PL.WS,Q13677
PLAG,Q13677
PLD,Q13677
PLNT,Q13677
PLOW,Q13677
PLX,Q13677
PM,Q13677
PMI,Q13677
PMM,Q13677
PMNT,Q13677
PMO,Q13677
PNC,Q13677
PNFP,Q13677
PNNT,Q13677
PNW,Q13677
POR,Q13677
POST,Q13677
PPG,Q13677
PPL,Q13677
PPT,Q13677
PR,Q13677
PRA,Q13677
PRG,Q13677
PRI,Q13677
PRIM,Q13677
PRK,Q13677
PRKS,Q13677
PRLB,Q13677
PRM,Q13677
PRMB,Q13677
PRSU,Q13677
PRU,Q13677
PSA,Q13677
PSBD,Q13677
PSF,Q13677
PSN,Q13677
PSO,Q13677
PSQH,Q13677
PSQH.WS,Q13677
PSTG,Q13677
PSTL,Q13677
PSX,Q13677
PTHS,Q13677
PTN,Q13677
PUK,Q13677
PUMP,Q13677
PVH,Q13677
PW,Q13677
PWR,Q13677
PXED,Q13677
PZG,Q13677
Q,Q13677
QTWO,Q13677
QUAD,Q13677
QXO,Q13677
R,Q13677
RA,Q13677
RAL,Q13677
RAMP,Q13677
RBA,Q13677
RBC,Q13677
RBLX,Q13677
RBOT,Q13677
RBRK,Q13677
RC,Q13677
RCG,Q13677
RCI,Q13677
RCL,Q13677
RCUS,Q13677
RDDT,Q13677
RDN,Q13677
RDW,Q13677
RDY,Q13677
REED,Q13677
REI,Q13677
REPX,Q13677
RES,Q13677
REXR,Q13677
REZI,Q13677
RF,Q13677
RFI,Q13677
RFL,Q13677
RFM,Q13677
RFMZ,Q13677
RGA,Q13677
RGR,Q13677
RGT,Q13677
RH,Q13677
RHI,Q13677
RHLD,Q13677
RIG,Q13677
RIO,Q13677
RITM,Q13677
RIV,Q13677
RJF,Q13677
RKT,Q13677
RL,Q13677
RLGT,Q13677
RLI,Q13677
RM,Q13677
RMAX,Q13677
RMD,Q13677
RMI,Q13677
RMM,Q13677
RMMZ,Q13677
RMT,Q13677
RNG,Q13677
RNGR,Q13677
RNR,Q13677
RNST,Q13677
ROG,Q13677
ROK,Q13677
ROL,Q13677
ROLR,Q13677
RPC,Q13677
RPM,Q13677
RPT,Q13677
RRC,Q13677
RRX,Q13677
RS,Q13677
RSF,Q13677
RSG,Q13677
RSI,Q13677
RTX,Q13677
RVLV,Q13677
RVP,Q13677
RVT,Q13677
RVTY,Q13677
RWT,Q13677
RXO,Q13677
RY,Q13677
RYAM,Q13677
RYAN,Q13677
RYI,Q13677
RYN,Q13677
S,Q13677
SAFE,Q13677
SAH,Q13677
SAM,Q13677
SARO,Q13677
SB,Q13677
SBDS,Q13677
SBEV,Q13677
SBH,Q13677
SBI,Q13677
SBR,Q13677
SBSI,Q13677
SCCO,Q13677
SCD,Q13677
SCHW,Q13677
SCI,Q13677
SCL,Q13677
SCM,Q13677
SD,Q13677
SDHC,Q13677
SEB,Q13677
SEE,Q13677
SEG,Q13677
SEI,Q13677
SEM,Q13677
SEMR,Q13677
SER,Q13677
SES,Q13677
SES.WS,Q13677
SF,Q13677
SFBS,Q13677
SG,Q13677
SGI,Q13677
SGN,Q13677
SGU,Q13677
SHAK,Q13677
SHW,Q13677
SI,Q13677
SID,Q13677
SIF,Q13677
SILA,Q13677
SITC,Q13677
SITE,Q13677
SJM,Q13677
SJT,Q13677
SKIL,Q13677
SKLZ,Q13677
SKM,Q13677
SKT,Q13677
SKY,Q13677
SKYH,Q13677
SKYH.WS,Q13677
SLF,Q13677
SLG,Q13677
SLGN,Q13677
SLND,Q13677
SLQT,Q13677
SLVM,Q13677
SM,Q13677
SMA,Q13677
SMBK,Q13677
SMC,Q13677
SMG,Q13677
SMHI,Q13677
SMP,Q13677
SMR,Q13677
SMRT,Q13677
SNA,Q13677
SNAP,Q13677
SNDA,Q13677
SNDR,Q13677
SNN,Q13677
SNOW,Q13677
SNX,Q13677
SO,Q13677
SOAR,Q13677
SOC,Q13677
SOLV,Q13677
SON,Q13677
SPB,Q13677
SPCE,Q13677
SPE,Q13677
SPG,Q13677
SPGI,Q13677
SPH,Q13677
SPHR,Q13677
SPIR,Q13677
SPMC,Q13677
SPRU,Q13677
SPXC,Q13677
SQM,Q13677
SR,Q13677
SRE,Q13677
SRFM,Q13677
SRG,Q13677
SRI,Q13677
SRXH,Q13677
SSB,Q13677
SSD,Q13677
SST,Q13677
SSTK,Q13677
STAG,Q13677
STC,Q13677
STEL,Q13677
STEM,Q13677
STEW,Q13677
STM,Q13677
STN,Q13677
STRW,Q13677
STT,Q13677
STUB,Q13677
STXS,Q13677
STZ,Q13677
SU,Q13677
SUI,Q13677
SVV,Q13677
SWK,Q13677
SWX,Q13677
SWZ,Q13677
SXC,Q13677
SXI,Q13677
SXT,Q13677
SYF,Q13677
SYK,Q13677
SYY,Q13677
TAK,Q13677
TALO,Q13677
TAP,Q13677
TAP.A,Q13677
TBI,Q13677
TBN,Q13677
TCBX,Q13677
TCI,Q13677
TD,Q13677
TDAY,Q13677
TDC,Q13677
TDF,Q13677
TDG,Q13677
TDOC,Q13677
TDW,Q13677
TDY,Q13677
TE,Q13677
TE.WS,Q13677
TEI,Q13677
TEX,Q13677
TFC,Q13677
TFIN,Q13677
TFX,Q13677
TG,Q13677
TGB,Q13677
TGEN,Q13677
TGS,Q13677
TGT,Q13677
THC,Q13677
THO,Q13677
THR,Q13677
TIC,Q13677
TISI,Q13677
TJX,Q13677
TK,Q13677
TKC,Q13677
TKO,Q13677
TKR,Q13677
TLYS,Q13677
TM,Q13677
TMHC,Q13677
TMO,Q13677
TMP,Q13677
TMQ,Q13677
TNC,Q13677
TNET,Q13677
TOL,Q13677
TOON,Q13677
TOPP,Q13677
TOPS,Q13677
TOST,Q13677
TOVX,Q13677
TPB,Q13677
TPC,Q13677
TPET,Q13677
TPH,Q13677
TPL,Q13677
TPR,Q13677
TPVG,Q13677
TR,Q13677
TRAK,Q13677
TRC,Q13677
TREX,Q13677
TRGP,Q13677
TRN,Q13677
TRNO,Q13677
TRP,Q13677
TRT,Q13677
TRTX,Q13677
TRU,Q13677
TRV,Q13677
TRX,Q13677
TSI,Q13677
TSLX,Q13677
TSN,Q13677
TSQ,Q13677
TTC,Q13677
TTI,Q13677
TV,Q13677
TVC,Q13677
TWI,Q13677
TWLO,Q13677
TWN,Q13677
TXNM,Q13677
TXT,Q13677
TY,Q13677
TYG,Q13677
TYL,Q13677
U,Q13677
UA,Q13677
UAA,Q13677
UAMY,Q13677
UAVS,Q13677
UBER,Q13677
UCB,Q13677
UDR,Q13677
UEC,Q13677
UFI,Q13677
UGI,Q13677
UHAL,Q13677
UHAL.B,Q13677
UHS,Q13677
UHT,Q13677
UI,Q13677
UIS,Q13677
ULS,Q13677
UMAC,Q13677
UMC,Q13677
UMH,Q13677
UNF,Q13677
UNFI,Q13677
UNH,Q13677
UNM,Q13677
UNP,Q13677
UP,Q13677
UPS,Q13677
URI,Q13677
USA,Q13677
USB,Q13677
USBC,Q13677
USFD,Q13677
USNA,Q13677
USPH,Q13677
UTF,Q13677
UTI,Q13677
UTL,Q13677
UTZ,Q13677
UUU,Q13677
UVE,Q13677
UVV,Q13677
UWMC,Q13677
VAC,Q13677
VATE,Q13677
VBF,Q13677
VCV,Q13677
VEEV,Q13677
VEL,Q13677
VENU,Q13677
VFC,Q13677
VFL,Q13677
VG,Q13677
VGM,Q13677
VGZ,Q13677
VHI,Q13677
VIA,Q13677
VICI,Q13677
VIRT,Q13677
VKQ,Q13677
VLO,Q13677
VLTO,Q13677
VMC,Q13677
VMI,Q13677
VMO,Q13677
VNO,Q13677
VNRX,Q13677
VNT,Q13677
VOYA,Q13677
VOYG,Q13677
VPG,Q13677
VPV,Q13677
VRE,Q13677
VRT,Q13677
VRTS,Q13677
VSCO,Q13677
VSH,Q13677
VST,Q13677
VSTS,Q13677
VTAK,Q13677
VTN,Q13677
VTOL,Q13677
VTR,Q13677
VTS,Q13677
VVR,Q13677
VVV,Q13677
VVX,Q13677
VYX,Q13677
VZ,Q13677
W,Q13677
WAB,Q13677
WAL,Q13677
WAT,Q13677
WBS,Q13677
WCC,Q13677
WD,Q13677
WEAV,Q13677
WEC,Q13677
WELL,Q13677
WEX,Q13677
WF,Q13677
WFC,Q13677
WFG,Q13677
WGO,Q13677
WH,Q13677
WHD,Q13677
WHG,Q13677
WHR,Q13677
WIT,Q13677
WK,Q13677
WKC,Q13677
WLK,Q13677
WLY,Q13677
WLYB,Q13677
WM,Q13677
WMB,Q13677
WMK,Q13677
WMS,Q13677
WNC,Q13677
WOLF,Q13677
WRB,Q13677
WRBY,Q13677
WRN,Q13677
WSM,Q13677
WSO,Q13677
WSO.B,Q13677
WST,Q13677
WT,Q13677
WTI,Q13677
WTM,Q13677
WTRG,Q13677
WTS,Q13677
WTTR,Q13677
WU,Q13677
WWR,Q13677
WWW,Q13677
WY,Q13677
WYY,Q13677
XHR,Q13677
XOM,Q13677
XPER,Q13677
XPL,Q13677
XPO,Q13677
XPOF,Q13677
XPRO,Q13677
XTNT,Q13677
XXI,Q13677
XYL,Q13677
XYZ,Q13677
XZO,Q13677
YCBD,Q13677
YELP,Q13677
YETI,Q13677
YEXT,Q13677
YOU,Q13677
YPF,Q13677
YSS,Q13677
YUMC,Q13677
ZBH,Q13677
ZDGE,Q13677
ZETA,Q13677
ZIP,Q13677
ZONE,Q13677
ZTS,Q13677
ZVIA,Q13677
ZWS,Q13677
2020.OL,Q909153
AL2SI.PA,Q2385849
AIM.MI,Q936530
AIM2.MI,Q936530
5PG.OL,Q909153
74SW.PA,Q2385849
ABP.MI,Q936530
A2A.MI,Q936530
AALB.AS,Q473938
AASB.OL,Q909153
AAT.MI,Q936530
ABI.BR,Q2385845
AB.PA,Q2385849
ABCA.PA,Q2385849
ABC.MI,Q936530
ABEO.PA,Q2385849
ABG.OL,Q909153
ABNX.PA,Q2385849
ABT.MI,Q936530
ABVX.PA,Q2385849
ABLD.PA,Q2385849
ABL.OL,Q909153
ABN.AS,Q473938
ABO.BR,Q2385845
ACAN.PA,Q2385849
ACCB.BR,Q2385845
AC.PA,Q2385849
AXS.AS,Q473938
ACED.OL,Q909153
ACE.MI,Q936530
ALALO.PA,Q2385849
AC5.MI,Q936530
ACKB.BR,Q2385845
ACOMO.AS,Q473938
ACQ.MI,Q936530
EOS.PA,Q2385849
ALATI.PA,Q2385849
MLACT.PA,Q2385849
ALDV.PA,Q2385849
MLADE.BR,Q2385845
ALARF.PA,Q2385849
ADOC.PA,Q2385849
ALADO.PA,Q2385849
ADP.PA,Q2385849
ADS.OL,Q909153
ALDUX.PA,Q2385849
ADV.MI,Q936530
ALDVI.PA,Q2385849
ALAVI.PA,Q2385849
ADYEN.AS,Q473938
AEDES.MI,Q936530
AED.BR,Q2385845
AEF.MI,Q936530
AGN.AS,Q473938
AELIS.PA,Q2385849
AKOM.PA,Q2385849
ADB.MI,Q936530
AFG.OL,Q909153
ALAFY.PA,Q2385849
MLAGI.PA,Q2385849
AGS.BR,Q2385845
MLAA.PA,Q2385849
AGFB.BR,Q2385845
AGIL.AS,Q473938
AGLX.OL,Q909153
MLAGP.PA,Q2385849
ALAGP.PA,Q2385849
ALAGR.PA,Q2385849
AD.AS,Q473938
A5G.IR,Q1435728
AF.PA,Q2385849
AI.PA,Q2385849
AIR.PA,Q2385849
ALAIR.PA,Q2385849
AJAX.AS,Q473938
AKAST.OL,Q909153
AKER.OL,Q909153
AKBM.OL,Q909153
AKRBP.OL,Q909153
AKH.OL,Q909153
AKSO.OL,Q909153
AKOBO.OL,Q909153
AKVA.OL,Q909153
AKW.PA,Q2385849
AKZA.AS,Q473938
AAA.PA,Q2385849
ARN.MI,Q936530
ALFEN.AS,Q473938
ABTG.MI,Q936530
ALFO.MI,Q936530
CORE.MI,Q936530
ALLFG.AS,Q473938
AMUND.AS,Q473938
CDA.PA,Q2385849
ALO.PA,Q2385849
ALTA.PA,Q2385849
AREIT.PA,Q2385849
AGP.MI,Q936530
ATE.PA,Q2385849
ALORA.PA,Q2385849
ALTR.LS,Q2385854
ALX.AS,Q473938
MLALV.PA,Q2385849
ALAMA.PA,Q2385849
MLAAH.PA,Q2385849
AMB.MI,Q936530
AMG.AS,Q473938
ALMIB.PA,Q2385849
AMP.MI,Q936530
AMUN.PA,Q2385849
ANDF.OL,Q909153
MLAIG.PA,Q2385849
ANIM.MI,Q936530
AV.MI,Q936530
ANTIN.PA,Q2385849
APAM.AS,Q473938
MLASO.PA,Q2385849
APR.OL,Q909153
ABTEC.OL,Q909153
ECNL.MI,Q936530
ALAQU.PA,Q2385849
ARAMI.PA,Q2385849
ARCAD.AS,Q473938
MT.AS,Q473938
ARCH.OL,Q909153
ALJXR.PA,Q2385849
ABS.OL,Q909153
AFISH.OL,Q909153
AZT.OL,Q909153
ALCUR.PA,Q2385849
MLARD.PA,Q2385849
MLARE.PA,Q2385849
AFK.OL,Q909153
ARG.PA,Q2385849
ARGX.BR,Q2385845
MLARI.PA,Q2385849
ARIS.MI,Q936530
AKE.PA,Q2385849
MLARO.PA,Q2385849
MLARR.LS,Q2385854
ARR.OL,Q909153
ARTE.PA,Q2385849
ARBS.MI,Q936530
PRC.PA,Q2385849
ARTO.PA,Q2385849
ARVEN.PA,Q2385849
ASCE.BR,Q2385845
ASC.MI,Q936530
MLAEM.PA,Q2385849
ASM.AS,Q473938
ASML.AS,Q473938
ASRNL.AS,Q473938
ASY.PA,Q2385849
MLAST.PA,Q2385849
ALATA.PA,Q2385849
ATEA.OL,Q909153
ATEME.PA,Q2385849
ATEB.BR,Q2385845
ATLD.PA,Q2385849
ASA.OL,Q909153
ALTAO.PA,Q2385849
ATON.MI,Q936530
ATO.PA,Q2385849
MLATR.LS,Q2385854
AUB.PA,Q2385849
ALAUD.PA,Q2385849
AUGR.PA,Q2385849
AURE.PA,Q2385849
AURG.OL,Q909153
AUSS.OL,Q909153
AUTO.OL,Q909153
AUTME.MI,Q936530
AVTX.AS,Q473938
AVT.PA,Q2385849
ALAVE.PA,Q2385849
AVIO.MI,Q936530
ALNG.OL,Q909153
CS.PA,Q2385849
CSNV.PA,Q2385849
ACR.OL,Q909153
AIX.OL,Q909153
AYV.PA,Q2385849
MLAZL.PA,Q2385849
AZE.BR,Q2385845
AZRN.AS,Q473938
AZM.MI,Q936530
MLAAT.PA,Q2385849
BEC.MI,Q936530
BCP.LS,Q2385854
BFG.MI,Q936530
B2I.OL,Q909153
ALBKK.PA,Q2385849
BAIN.PA,Q2385849
BAKKA.OL,Q909153
BALT.OL,Q909153
BALYO.PA,Q2385849
BAMNB.AS,Q473938
BGN.MI,Q936530
IF.MI,Q936530
BMED.MI,Q936530
BMPS.MI,Q936530
BST.MI,Q936530
BAMI.MI,Q936530
BNJ.AS,Q473938
BANI.BR,Q2385845
BIRG.IR,Q1435728
BANQ.BR,Q2385845
BUI.PA,Q2385849
BAR.BR,Q2385845
MLBAR.PA,Q2385849
BARRA.OL,Q909153
BFIT.AS,Q473938
BAN.MI,Q936530
BASS.PA,Q2385849
BLC.PA,Q2385849
B.MI,Q936530
BPSO.MI,Q936530
PRO.MI,Q936530
BDB.MI,Q936530
BESI.AS,Q473938
MLBBO.PA,Q2385849
BWZ.MI,Q936530
BEKB.BR,Q2385845
BELL.MI,Q936530
BELYS.BR,Q2385845
BEN.PA,Q2385849
SLBEN.LS,Q2385854
BCS.OL,Q909153
ALDBL.PA,Q2385849
BES.MI,Q936530
BEVER.AS,Q473938
BEWI.OL,Q909153
BFF.MI,Q936530
BB.PA,Q2385849
BIEN.OL,Q909153
BSS.MI,Q936530
BIG.PA,Q2385849
ALBLD.PA,Q2385849
MLNOX.PA,Q2385849
ALTUV.PA,Q2385849
BIM.PA,Q2385849
ALBPS.PA,Q2385849
BIOS.BR,Q2385845
ALBIO.PA,Q2385849
BTLS.BR,Q2385845
BSP.OL,Q909153
BLEE.PA,Q2385849
MLBSP.PA,Q2385849
ALBLU.PA,Q2385849
BNOR.OL,Q909153
BACE.AS,Q473938
BNP.PA,Q2385849
ALBOA.PA,Q2385849
MLONE.PA,Q2385849
BOI.PA,Q2385849
BOL.PA,Q2385849
BF.MI,Q936530
BON.PA,Q2385849
BONHR.OL,Q909153
MLBON.PA,Q2385849
ALBOO.PA,Q2385849
BOR.OL,Q909153
BO.MI,Q936530
BORR.OL,Q909153
BRG.OL,Q909153
ALBOU.PA,Q2385849
BSD.PA,Q2385849
BOUV.OL,Q909153
EN.PA,Q2385849
ENNV.PA,Q2385849
BPE.MI,Q936530
BPOST.BR,Q2385845
BNB.BR,Q2385845
BRM.MI,Q936530
BREB.BR,Q2385845
BRE.MI,Q936530
BRI.MI,Q936530
ALBPK.PA,Q2385849
BRNL.AS,Q473938
BC.MI,Q936530
BRUT.OL,Q909153
BVI.PA,Q2385849
BUR.PA,Q2385849
BZU.MI,Q936530
BWE.OL,Q909153
BWLPG.OL,Q909153
BWO.OL,Q909153
BMA.OL,Q909153
CLI.MI,Q936530
ALCAB.PA,Q2385849
CABKA.AS,Q473938
DSC2S.AS,Q473938
CADLR.OL,Q909153
ALCAF.PA,Q2385849
C5H.IR,Q1435728
CAI.MI,Q936530
CLF.MI,Q936530
ALIBR.PA,Q2385849
CALT.MI,Q936530
CED.MI,Q936530
CAMBI.OL,Q909153
CBDG.PA,Q2385849
CPR.MI,Q936530
CAMB.BR,Q2385845
CAND.BR,Q2385845
CAP.PA,Q2385849
ALCPB.PA,Q2385849
CAPSL.OL,Q909153
ALCRB.PA,Q2385849
CPINV.BR,Q2385845
CRL.MI,Q936530
ALCAR.PA,Q2385849
CARM.PA,Q2385849
CA.PA,Q2385849
CVX.PA,Q2385849
CO.PA,Q2385849
CDG.MI,Q936530
ALCAT.PA,Q2385849
ALCIS.PA,Q2385849
CAVEN.OL,Q909153
ALCBI.PA,Q2385849
CBOT.PA,Q2385849
ALCGM.PA,Q2385849
ALCLS.PA,Q2385849
CELL.MI,Q936530
CYAD.BR,Q2385845
CMB.MI,Q936530
CEM.MI,Q936530
CENER.BR,Q2385845
ALPCV.PA,Q2385849
CFEB.BR,Q2385845
CFI.PA,Q2385849
MLCFM.PA,Q2385849
MLCFD.PA,Q2385849
ALCWE.PA,Q2385849
CHSR.PA,Q2385849
MLCHE.PA,Q2385849
MLTV.BR,Q2385845
CDI.PA,Q2385849
MLCIA.LS,Q2385854
ALCBX.PA,Q2385849
COMB.BR,Q2385845
MLCMB.PA,Q2385849
CRI.PA,Q2385849
CIR.MI,Q936530
CRNA.OL,Q909153
CIRC.MI,Q936530
CLABO.MI,Q936530
ALCLA.PA,Q2385849
CLARI.PA,Q2385849
CLE.MI,Q936530
CBB.MI,Q936530
CLOUD.OL,Q909153
AGAIN.MI,Q936530
CMCOM.AS,Q473938
CMBTO.OL,Q909153
CMBT.BR,Q2385845
MLCMG.PA,Q2385849
COBH.BR,Q2385845
CCEP.AS,Q473938
CODE.OL,Q909153
COFA.PA,Q2385849
ALCOF.PA,Q2385849
COFB.BR,Q2385845
CFL.MI,Q936530
CGF.MI,Q936530
ALCOG.PA,Q2385849
COH.PA,Q2385849
ALCOI.PA,Q2385849
MLCLP.PA,Q2385849
COLR.BR,Q2385845
CMTL.MI,Q936530
COM.MI,Q936530
TIME.MI,Q936530
ODET.PA,Q2385849
MLMFI.PA,Q2385849
CDU.LS,Q2385854
CFV.MI,Q936530
MLCNT.PA,Q2385849
COSH.OL,Q909153
MLLCB.PA,Q2385849
CONTX.OL,Q909153
CVG.MI,Q936530
COP.MI,Q936530
CRBN.AS,Q473938
MLCOE.PA,Q2385849
MLCOR.PA,Q2385849
MLCOT.PA,Q2385849
COR.LS,Q2385854
COTY.PA,Q2385849
MLCOU.PA,Q2385849
COUR.PA,Q2385849
COV.PA,Q2385849
COVH.PA,Q2385849
CREG.MI,Q936530
CE.MI,Q936530
ACA.PA,Q2385849
ALCJ.PA,Q2385849
CROS.PA,Q2385849
CFM.MI,Q936530
CSG.AS,Q473938
CSP.MI,Q936530
CTAC.AS,Q473938
CTPNV.AS,Q473938
CTT.LS,Q2385854
CUBE.MI,Q936530
CULT.MI,Q936530
CLEX.BR,Q2385845
CVC.AS,Q473938
CY4.MI,Q936530
CYB.MI,Q936530
CYVIZ.OL,Q909153
DIS.MI,Q936530
DIE.BR,Q2385845
ALDLS.PA,Q2385849
MLDAM.PA,Q2385849
ALDAR.PA,Q2385849
DAN.MI,Q936530
DANR.MI,Q936530
BN.PA,Q2385849
AM.PA,Q2385849
DSY.PA,Q2385849
DAL.MI,Q936530
DATA.MI,Q936530
DBA.MI,Q936530
ALDBT.PA,Q2385849
DBV.PA,Q2385849
DLG.MI,Q936530
DECB.BR,Q2385845
DDM.MI,Q936530
DVD.OL,Q909153
DEEZR.PA,Q2385849
DKUPL.PA,Q2385849
ALDEL.PA,Q2385849
DELIA.OL,Q909153
ALDLT.PA,Q2385849
DEME.BR,Q2385845
ART.MI,Q936530
DBG.PA,Q2385849
DSRT.OL,Q909153
DIT.MI,Q936530
ALDEV.PA,Q2385849
DEX.MI,Q936530
DHH.MI,Q936530
DIAD.MI,Q936530
ALDMS.PA,Q2385849
DIA.MI,Q936530
DIB.MI,Q936530
DGV.MI,Q936530
DGT.MI,Q936530
D.MI,Q936530
DEA.MI,Q936530
DNB.OL,Q909153
DNO.OL,Q909153
ALDNX.PA,Q2385849
DPAM.PA,Q2385849
DOFG.OL,Q909153
ALDOL.PA,Q2385849
DDRIL.OL,Q909153
DQ7A.IR,Q1435728
ALDNE.PA,Q2385849
DOT.MI,Q936530
DOV.MI,Q936530
DOX.MI,Q936530
ALDRV.PA,Q2385849
DSFIR.AS,Q473938
MLDYN.PA,Q2385849
ALAGO.PA,Q2385849
EGB.MI,Q936530
E9IA.MI,Q936530
EPH.MI,Q936530
ETS.MI,Q936530
EFG.PA,Q2385849
EAM.OL,Q909153
EAS2P.AS,Q473938
MLEAS.PA,Q2385849
MLEDR.PA,Q2385849
MLEAV.PA,Q2385849
EBUS.AS,Q473938
ECMB.MI,Q936530
ALECO.PA,Q2385849
ECONB.BR,Q2385845
ALESA.PA,Q2385849
ECK.MI,Q936530
EDEN.PA,Q2385849
ELB.MI,Q936530
ESF.MI,Q936530
ALEAC.PA,Q2385849
EDAC.MI,Q936530
EDNR.MI,Q936530
MLEDS.PA,Q2385849
EDP.LS,Q2385854
EDPR.LS,Q2385854
MLEFA.PA,Q2385849
ALGID.PA,Q2385849
EGN.MI,Q936530
EIOF.OL,Q909153
FGR.PA,Q2385849
EKI.PA,Q2385849
EKOP.BR,Q2385845
ELN.MI,Q936530
ELEC.PA,Q2385849
EEM.PA,Q2385849
EMGS.OL,Q909153
ELIMP.OL,Q909153
ELES.MI,Q936530
ELI.BR,Q2385845
ELC.MI,Q936530
ELIOR.PA,Q2385849
ELIS.PA,Q2385849
MLERH.PA,Q2385849
ELK.OL,Q909153
ELABS.OL,Q909153
ELMRA.OL,Q909153
ELO.OL,Q909153
ELSA.MI,Q936530
EM.MI,Q936530
MLUAV.PA,Q2385849
EMEIS.PA,Q2385849
EAV.MI,Q936530
ALEMV.PA,Q2385849
ENA.MI,Q936530
ENAV.MI,Q936530
ALDUB.PA,Q2385849
ENDUR.OL,Q909153
ENEL.MI,Q936530
ALNN6.PA,Q2385849
ENERG.OL,Q909153
ALNRG.PA,Q2385849
ENY.MI,Q936530
ALETC.PA,Q2385849
ET.MI,Q936530
ENRGY.BR,Q2385845
ENT.MI,Q936530
ENV.MI,Q936530
ENGI.PA,Q2385849
ENI.MI,Q936530
ALENO.PA,Q2385849
ENSU.OL,Q909153
ALESE.PA,Q2385849
ENTRA.OL,Q909153
ENVI.AS,Q473938
ENVIP.OL,Q909153
ALEO2.PA,Q2385849
EPRB.MI,Q936530
EQS.PA,Q2385849
EQNR.OL,Q909153
EQUI.MI,Q936530
EQVA.OL,Q909153
ERC.AS,Q473938
ERA.PA,Q2385849
ERG.MI,Q936530
RDUE.MI,Q936530
MLESV.PA,Q2385849
ESAU.MI,Q936530
ESIGM.MI,Q936530
ESPE.MI,Q936530
PRT.MI,Q936530
EL.PA,Q2385849
ESON.LS,Q2385854
ESTM.MI,Q936530
ALENT.PA,Q2385849
EUK.MI,Q936530
EFI.PA,Q2385849
ALEUA.PA,Q2385849
RF.PA,Q2385849
EAPI.PA,Q2385849
ALERS.PA,Q2385849
ECT.AS,Q473938
ECMPA.AS,Q473938
ECMPM.MI,Q936530
ALECR.PA,Q2385849
ERF.PA,Q2385849
EGLA.MI,Q936530
ALERO.PA,Q2385849
MLCAN.PA,Q2385849
ENXP.LS,Q2385854
ENX.PA,Q2385849
ALECP.PA,Q2385849
ALEMS.BR,Q2385845
ALEUP.PA,Q2385849
EPR.OL,Q909153
ETH.MI,Q936530
ETL.PA,Q2385849
EGR.PA,Q2385849
EVISO.MI,Q936530
EVS.BR,Q2385845
ALEXA.PA,Q2385849
EXTX.OL,Q909153
EXA.PA,Q2385849
EXEC.MI,Q936530
EXE.PA,Q2385849
EXM.BR,Q2385845
EXO.AS,Q473938
EXENS.PA,Q2385849
EXAI.MI,Q936530
EXPL.PA,Q2385849
ALPHI.PA,Q2385849
FAE.MI,Q936530
FAGR.BR,Q2385845
MLECE.PA,Q2385849
COSMO.MI,Q936530
MLFMV.LS,Q2385854
FAST.AS,Q473938
EG7.IR,Q1435728
MLFDV.PA,Q2385849
FDJU.PA,Q2385849
FCMC.PA,Q2385849
ALGAE.PA,Q2385849
RACE.MI,Q936530
FERGR.AS,Q473938
YACHT.MI,Q936530
FER.AS,Q473938
FDA.MI,Q936530
SACI.PA,Q2385849
ORIA.PA,Q2385849
FM.MI,Q936530
FGA.PA,Q2385849
FILA.MI,Q936530
ALFUM.PA,Q2385849
FOAF.PA,Q2385849
FINM.PA,Q2385849
FTC.MI,Q936530
MLFXO.PA,Q2385849
FCT.MI,Q936530
FF.MI,Q936530
FBK.MI,Q936530
FIPP.PA,Q2385849
FIC.MI,Q936530
MLFIR.PA,Q2385849
DFENS.OL,Q909153
FFSB.OL,Q909153
ALFLE.PA,Q2385849
FLEXD.LS,Q2385854
ALFLO.PA,Q2385849
FLOB.BR,Q2385845
FLOW.AS,Q473938
FLSP.BR,Q2385845
FLUX.BR,Q2385845
FNAC.PA,Q2385849
FNM.MI,Q936530
MLFNP.PA,Q2385849
LEBL.PA,Q2385849
INEA.PA,Q2385849
MLVIN.PA,Q2385849
SPEL.PA,Q2385849
FPE.MI,Q936530
FORE.PA,Q2385849
FFARM.AS,Q473938
FORSE.PA,Q2385849
FRVIA.PA,Q2385849
FOU.BR,Q2385845
ALFPC.PA,Q2385849
FDE.PA,Q2385849
MLFTI.PA,Q2385849
FCH.MI,Q936530
FUM.MI,Q936530
ALFRE.PA,Q2385849
FRE.MI,Q936530
FREY.PA,Q2385849
AMI.MI,Q936530
FRO.OL,Q909153
FSDV.PA,Q2385849
FUR.AS,Q473938
FCP.LS,Q2385854
MLGAI.PA,Q2385849
GML.MI,Q936530
GAB.MI,Q936530
MLGSH.LS,Q2385854
GAIN.MI,Q936530
GLPG.AS,Q473938
MLGAL.PA,Q2385849
GALP.LS,Q2385854
GAMB.MI,Q936530
GHC.MI,Q936530
GSP.MI,Q936530
ALBI.PA,Q2385849
GAM.PA,Q2385849
GBLB.BR,Q2385845
GEA.PA,Q2385849
ALGEC.PA,Q2385849
GFC.PA,Q2385849
GE.MI,Q936530
GEL.MI,Q936530
GF.MI,Q936530
G.MI,Q936530
MLGNS.PA,Q2385849
GNRO.PA,Q2385849
GNFT.PA,Q2385849
ALGEN.PA,Q2385849
SIGHT.PA,Q2385849
GENT.OL,Q909153
GM.MI,Q936530
MLGEQ.PA,Q2385849
GEO.MI,Q936530
GET.PA,Q2385849
ALGEV.PA,Q2385849
CABLE.AS,Q473938
GIGA.OL,Q909153
GCOM.MI,Q936530
GIMB.BR,Q2385845
GMS.MI,Q936530
GIS.MI,Q936530
GJF.OL,Q909153
GLO.PA,Q2385849
GL9.IR,Q1435728
MLGL.PA,Q2385849
GVR.IR,Q1435728
GLINT.LS,Q2385854
MLNDG.PA,Q2385849
ALGLD.PA,Q2385849
GEOS.OL,Q909153
GOD.OL,Q909153
GPE.PA,Q2385849
GPI.MI,Q936530
GRVO.PA,Q2385849
8GW.IR,Q1435728
EARTH.AS,Q473938
GEM.OL,Q909153
GRN.MI,Q936530
GRP.IR,Q1435728
GSF.OL,Q909153
GRAL.MI,Q936530
ALGRO.PA,Q2385849
GRONG.OL,Q909153
MLGRC.PA,Q2385849
CEN.PA,Q2385849
ALGIL.PA,Q2385849
GJAJ.PA,Q2385849
ALLDL.PA,Q2385849
ALOKW.PA,Q2385849
PARP.PA,Q2385849
MLPVG.PA,Q2385849
SFPI.PA,Q2385849
ALGTR.PA,Q2385849
ALIMO.PA,Q2385849
GROW.MI,Q936530
GT.MI,Q936530
GTT.PA,Q2385849
GBT.PA,Q2385849
GUI.PA,Q2385849
GVS.MI,Q936530
GYL.OL,Q909153
FARM.MI,Q936530
ALHAF.PA,Q2385849
HAFNI.OL,Q909153
HIK.MI,Q936530
HAL.AS,Q473938
ALHGO.PA,Q2385849
HMSO.IR,Q1435728
HGSB.OL,Q909153
PIG.PA,Q2385849
HAV.OL,Q909153
HAVAS.AS,Q473938
HKY.OL,Q909153
HAVI.OL,Q909153
HWK.AS,Q473938
HDF.PA,Q2385849
HI.MI,Q936530
MLHAY.PA,Q2385849
HEIJM.AS,Q473938
HEIA.AS,Q473938
HEIO.AS,Q473938
HLX.MI,Q936530
HER.MI,Q936530
ALHRG.PA,Q2385849
HERMA.OL,Q909153
RMS.PA,Q2385849
HEX.OL,Q909153
HPUR.OL,Q909153
ALHEX.PA,Q2385849
ALHF.PA,Q2385849
HCO.PA,Q2385849
HQF.MI,Q936530
HSHP.OL,Q909153
ALHYP.PA,Q2385849
ALHIT.PA,Q2385849
MLHK.PA,Q2385849
MLHBB.PA,Q2385849
ALHGR.PA,Q2385849
HBC.OL,Q909153
HOLCO.AS,Q473938
MLHCF.PA,Q2385849
HOMI.BR,Q2385845
HZY.MI,Q936530
MLHPE.PA,Q2385849
ALHPI.PA,Q2385849
ALHOP.PA,Q2385849
HSW.IR,Q1435728
MLHMC.PA,Q2385849
MLHBP.PA,Q2385849
MLHOT.PA,Q2385849
HDP.PA,Q2385849
MLHIN.PA,Q2385849
HUDL.OL,Q909153
HDLY.OL,Q909153
HUNT.OL,Q909153
ALHUN.PA,Q2385849
HYSG.BR,Q2385845
HYDRA.AS,Q473938
MLHYD.PA,Q2385849
MLHYE.PA,Q2385849
ALHRS.PA,Q2385849
HYPRO.OL,Q909153
HYL.BR,Q2385845
HYN.OL,Q909153
HAUTO.OL,Q909153
HSPG.OL,Q909153
IGV.MI,Q936530
ICOP.MI,Q936530
IMD.MI,Q936530
ALI2S.PA,Q2385849
MLINT.PA,Q2385849
IBAB.BR,Q2385845
IBS.LS,Q2385854
ICAD.PA,Q2385849
ALICA.PA,Q2385849
ISLAX.OL,Q909153
IDL.PA,Q2385849
IDEX.OL,Q909153
IDIP.PA,Q2385849
IDNTT.MI,Q936530
MLIDS.PA,Q2385849
IEP.BR,Q2385845
IGD.MI,Q936530
MLABC.PA,Q2385849
ALIKO.PA,Q2385849
ILLA.MI,Q936530
ILP.MI,Q936530
MLIML.PA,Q2385849
IMCD.AS,Q473938
MLIME.PA,Q2385849
NK.PA,Q2385849
MLIPP.PA,Q2385849
ALIMR.PA,Q2385849
IMMOU.BR,Q2385845
IMDA.PA,Q2385849
IMMO.BR,Q2385845
IMS.MI,Q936530
MPT.MI,Q936530
ALIMP.PA,Q2385849
IPR.LS,Q2385854
MLIMP.PA,Q2385849
MLIFS.PA,Q2385849
INCLU.BR,Q2385845
ICF.MI,Q936530
INDB.MI,Q936530
INDCT.OL,Q909153
DNR.MI,Q936530
MLIFC.PA,Q2385849
INF.PA,Q2385849
INGA.AS,Q473938
INIFY.OL,Q909153
ININ.OL,Q909153
IB.MI,Q936530
MLINM.PA,Q2385849
MLINA.PA,Q2385849
MLISP.PA,Q2385849
IPH.PA,Q2385849
ALINN.PA,Q2385849
INC.MI,Q936530
MLIRF.PA,Q2385849
INPST.AS,Q473938
INSTA.OL,Q909153
ALLUX.PA,Q2385849
ALINT.PA,Q2385849
IWS.OL,Q909153
MLVIE.PA,Q2385849
ICOS.MI,Q936530
ICC.MI,Q936530
IOX.OL,Q909153
ITP.PA,Q2385849
IP.MI,Q936530
ISP.MI,Q936530
ITXT.PA,Q2385849
ALINS.PA,Q2385849
ITD.MI,Q936530
IVA.PA,Q2385849
ALINV.PA,Q2385849
INW.MI,Q936530
MLIPO.PA,Q2385849
IPN.PA,Q2385849
IPS.PA,Q2385849
IRC.MI,Q936530
IRE.MI,Q936530
IR5B.IR,Q1435728
IRES.IR,Q1435728
ISC.MI,Q936530
ALISP.PA,Q2385849
ALITL.PA,Q2385849
ITW.MI,Q936530
IG.MI,Q936530
IEG.MI,Q936530
IWB.MI,Q936530
ITM.MI,Q936530
MLITN.PA,Q2385849
ITERA.OL,Q909153
IVG.MI,Q936530
IVN.MI,Q936530
JMT.LS,Q2385854
JBOG.PA,Q2385849
JCQ.PA,Q2385849
DEC.PA,Q2385849
JDEP.AS,Q473938
JEN.BR,Q2385845
JIN.OL,Q909153
JUVE.MI,Q936530
JAREN.OL,Q909153
KLDVK.OL,Q909153
KLN.MI,Q936530
ALKLN.PA,Q2385849
ALKAL.PA,Q2385849
KOF.PA,Q2385849
KBC.BR,Q2385845
KBCA.BR,Q2385845
KENDR.AS,Q473938
KMR.IR,Q1435728
KER.PA,Q2385849
ALKLK.PA,Q2385849
KRZ.IR,Q1435728
ALKEY.PA,Q2385849
KEYW.BR,Q2385845
KID.OL,Q909153
KIN.BR,Q2385845
KRX.IR,Q1435728
KIT.OL,Q909153
ALKKO.PA,Q2385849
ALKLA.PA,Q2385849
KCC.OL,Q909153
ALKLH.PA,Q2385849
LI.PA,Q2385849
KMCP.OL,Q909153
KME.MI,Q936530
KMER.MI,Q936530
KOMPL.OL,Q909153
ALKOM.PA,Q2385849
KOA.OL,Q909153
KOG.OL,Q909153
KPN.AS,Q473938
KRAB.OL,Q909153
KK.MI,Q936530
ALVAP.PA,Q2385849
OR.PA,Q2385849
ERFO.MI,Q936530
ALEMG.PA,Q2385849
LACR.PA,Q2385849
MMB.PA,Q2385849
LNDR.MI,Q936530
ALLAN.PA,Q2385849
ALLGO.PA,Q2385849
LAT.PA,Q2385849
LPE.PA,Q2385849
LVIDE.AS,Q473938
LOUP.PA,Q2385849
ALBON.PA,Q2385849
LSS.PA,Q2385849
LSSNV.PA,Q2385849
LR.PA,Q2385849
LS.MI,Q936530
LDO.MI,Q936530
LFG.MI,Q936530
ALLPL.PA,Q2385849
LSG.OL,Q909153
ALLHB.PA,Q2385849
ALLEX.PA,Q2385849
LHYFE.PA,Q2385849
LIFE.OL,Q909153
ALTAI.PA,Q2385849
LDB.MI,Q936530
LIN.PA,Q2385849
LINK.OL,Q909153
FII.PA,Q2385849
LTX.MI,Q936530
ALLLN.PA,Q2385849
LNA.PA,Q2385849
MLLOI.PA,Q2385849
ALLOG.PA,Q2385849
LOKO.OL,Q909153
MLCAC.PA,Q2385849
LON.MI,Q936530
LTMC.MI,Q936530
LOTB.BR,Q2385845
ALHG.PA,Q2385849
ALUCI.PA,Q2385849
LMG.MI,Q936530
LUMI.OL,Q909153
LBIRD.PA,Q2385849
LUVE.MI,Q936530
MC.PA,Q2385849
LYTIX.OL,Q909153
MVW.OL,Q909153
MAAT.PA,Q2385849
MLMAC.LS,Q2385854
MLMCA.PA,Q2385849
MLMGL.PA,Q2385849
MGS.MI,Q936530
MGN.OL,Q909153
MICC.AS,Q473938
MAIRE.MI,Q936530
MLCLI.PA,Q2385849
POMRY.PA,Q2385849
MDM.PA,Q2385849
ALMKS.PA,Q2385849
MLC.IR,Q1435728
MALT.PA,Q2385849
MTU.PA,Q2385849
MAPS.MI,Q936530
MLMAQ.PA,Q2385849
MARE.MI,Q936530
ALMAR.PA,Q2385849
MARK.MI,Q936530
IAM.PA,Q2385849
MARR.MI,Q936530
MAR.LS,Q2385854
MARP.MI,Q936530
MASI.MI,Q936530
ALMAS.PA,Q2385849
MTLS.BR,Q2385845
MFT.MI,Q936530
MVE.OL,Q909153
ALMKT.PA,Q2385849
MAU.PA,Q2385849
MLMAZ.BR,Q2385845
MBWS.PA,Q2385849
EDI.PA,Q2385849
MCP.LS,Q2385854
MLLAB.PA,Q2385849
ALMDT.PA,Q2385849
MEDCL.PA,Q2385849
MB.MI,Q936530
MEDI.OL,Q909153
MQSPA.MI,Q936530
MELE.BR,Q2385845
MELG.OL,Q909153
MEMS.PA,Q2385849
MERY.PA,Q2385849
MLMIV.PA,Q2385849
MRL.LS,Q2385854
MRN.PA,Q2385849
MET.MI,Q936530
ALTHO.PA,Q2385849
ALMET.PA,Q2385849
MLMIB.PA,Q2385849
MTK.MI,Q936530
MMT.PA,Q2385849
MEV.MI,Q936530
ALMEX.PA,Q2385849
MFEA.MI,Q936530
MFEB.MI,Q936530
ALMGI.PA,Q2385849
ALMDG.PA,Q2385849
ML.PA,Q2385849
MLNMA.PA,Q2385849
MIKO.BR,Q2385845
ALMLB.PA,Q2385849
MIO.IR,Q1435728
ALMIN.PA,Q2385849
MS.MI,Q936530
MTS.MI,Q936530
NEDSE.AS,Q473938
MOL.MI,Q936530
ALMCE.PA,Q2385849
FMONC.PA,Q2385849
MONC.MI,Q936530
MN.MI,Q936530
MTV.MI,Q936530
MTVFR.MI,Q936530
MNL.MI,Q936530
MONT.BR,Q2385845
MLMTP.PA,Q2385849
MLMR.LS,Q2385854
MOP.BR,Q2385845
MOPF.BR,Q2385845
MORE.AS,Q473938
MORLD.OL,Q909153
EGL.LS,Q2385854
MTRK.AS,Q473938
ALMOU.PA,Q2385849
MOUR.BR,Q2385845
MOWI.OL,Q909153
MPCC.OL,Q909153
MPCES.OL,Q909153
ALMRB.PA,Q2385849
MULTI.OL,Q909153
ALMUN.PA,Q2385849
MLMUT.PA,Q2385849
MHM.PA,Q2385849
MAS.OL,Q909153
NACON.PA,Q2385849
NAI.AS,Q473938
NAITR.AS,Q473938
ALNMR.PA,Q2385849
NANO.PA,Q2385849
NAPA.OL,Q909153
NAVA.OL,Q909153
NEDAP.AS,Q473938
NKR.OL,Q909153
NEL.OL,Q909153
NDT.MI,Q936530
ALNLF.PA,Q2385849
NSP.MI,Q936530
ALNEV.PA,Q2385849
NRP.AS,Q473938
ALNTG.PA,Q2385849
ALNMG.PA,Q2385849
MLNEU.BR,Q2385845
NRO.PA,Q2385849
NRST.MI,Q936530
NSE.AS,Q473938
NWL.MI,Q936530
NEWT.BR,Q2385845
NEX.PA,Q2385849
NEXI.MI,Q936530
NXI.PA,Q2385849
NEXT.OL,Q909153
NXT.MI,Q936530
NR.MI,Q936530
ALNXT.PA,Q2385849
NEXTA.BR,Q2385845
ALNFL.PA,Q2385849
ALCOX.PA,Q2385849
NISB.OL,Q909153
NN.AS,Q473938
NORAM.OL,Q909153
NORBT.OL,Q909153
NCOD.OL,Q909153
NORCO.OL,Q909153
NORDH.OL,Q909153
NOAP.OL,Q909153
NOFIN.OL,Q909153
NOHAL.OL,Q909153
NOM.OL,Q909153
NOD.OL,Q909153
NTG.OL,Q909153
NORSE.OL,Q909153
NHY.OL,Q909153
NTI.OL,Q909153
NSKOG.OL,Q909153
MLBIO.PA,Q2385849
NAE.PA,Q2385849
NORTH.OL,Q909153
NOL.OL,Q909153
NAS.OL,Q909153
NBX.OL,Q909153
NOSN.OL,Q909153
NOS.LS,Q2385854
NPI.MI,Q936530
NBA.LS,Q2385854
ALNOV.PA,Q2385849
NOVA.MI,Q936530
MLNOV.PA,Q2385849
NR21.PA,Q2385849
NRC.OL,Q909153
NRG.PA,Q2385849
ALNSC.PA,Q2385849
ALNSE.PA,Q2385849
NSI.AS,Q473938
NUS.MI,Q936530
NXFIL.AS,Q473938
NYKD.OL,Q909153
NYR.BR,Q2385845
NYXH.BR,Q2385845
ALBIZ.PA,Q2385849
OBSRV.OL,Q909153
OCEAN.OL,Q909153
OSUN.OL,Q909153
OCI.AS,Q473938
MLOCT.PA,Q2385849
ODL.OL,Q909153
ODF.OL,Q909153
ODFB.OL,Q909153
OTL.OL,Q909153
MLODT.PA,Q2385849
ALODY.PA,Q2385849
SBT.PA,Q2385849
OS.MI,Q936530
MLOKP.PA,Q2385849
OKEA.OL,Q909153
OET.OL,Q909153
OLI.MI,Q936530
MLORE.LS,Q2385854
OMDA.OL,Q909153
OMER.MI,Q936530
ALODC.PA,Q2385849
ALOPM.PA,Q2385849
ONCIN.OL,Q909153
ALEXP.PA,Q2385849
MLONL.PA,Q2385849
ONTEX.BR,Q2385845
ONWD.BR,Q2385845
OPM.PA,Q2385849
OEC.MI,Q936530
OPS.MI,Q936530
OPR.MI,Q936530
OPTI.BR,Q2385845
ORA.PA,Q2385849
OBEL.BR,Q2385845
MLORB.PA,Q2385849
ALORD.PA,Q2385849
OREGE.PA,Q2385849
OIZ.IR,Q1435728
MLORQ.PA,Q2385849
ORK.OL,Q909153
ORS.MI,Q936530
OSA.MI,Q936530
OSE.PA,Q2385849
ALWTR.PA,Q2385849
OTEC.OL,Q909153
OTO.MI,Q936530
OTOVO.OL,Q909153
OVH.PA,Q2385849
OVS.MI,Q936530
OXUR.BR,Q2385845
MLPAC.PA,Q2385849
PEN.OL,Q909153
PLSV.OL,Q909153
PAR.PA,Q2385849
PARB.OL,Q909153
PARRO.PA,Q2385849
MLPRX.PA,Q2385849
PSQ.MI,Q936530
ALPAS.PA,Q2385849
PAT.PA,Q2385849
PTR.MI,Q936530
ALPAU.PA,Q2385849
PAY.BR,Q2385845
PBH.AS,Q473938
PCIB.OL,Q909153
PTSB.IR,Q1435728
RI.PA,Q2385849
PERR.PA,Q2385849
MLPER.PA,Q2385849
ALPET.PA,Q2385849
PSE.OL,Q909153
PNOR.OL,Q909153
PEUG.PA,Q2385849
PEXIP.OL,Q909153
PHN.MI,Q936530
PHARM.AS,Q473938
PHR.LS,Q2385854
INPHI.AS,Q473938
PHIA.AS,Q473938
PHIL.MI,Q936530
MLPHW.PA,Q2385849
PHO.OL,Q909153
MLPHO.PA,Q2385849
PIA.MI,Q936530
VAC.PA,Q2385849
PINF.MI,Q936530
PQ.MI,Q936530
PIRC.MI,Q936530
ALPDX.PA,Q2385849
PMED.MI,Q936530
MLPLC.PA,Q2385849
PLN.MI,Q936530
PLNW.PA,Q2385849
ALPAT.PA,Q2385849
PVL.PA,Q2385849
PLC.MI,Q936530
PLX.PA,Q2385849
POL.OL,Q909153
PLT.OL,Q909153
POPR.MI,Q936530
PORF.AS,Q473938
PAG.MI,Q936530
POR.MI,Q936530
PST.MI,Q936530
PNL.AS,Q473938
ALPJT.PA,Q2385849
ALPOU.PA,Q2385849
PWS.MI,Q936530
POXEL.PA,Q2385849
POZ.MI,Q936530
PPLAA.AS,Q473938
PPLAB.AS,Q473938
PPLA.AS,Q473938
PRXD.MI,Q936530
MLPRG.PA,Q2385849
ALPM.PA,Q2385849
PRE.MI,Q936530
ALPRE.PA,Q2385849
MLPRE.PA,Q2385849
PFI.MI,Q936530
ALPRI.PA,Q2385849
PROAC.PA,Q2385849
ALPWG.PA,Q2385849
ALPRG.PA,Q2385849
PMT.MI,Q936530
MLPRI.PA,Q2385849
PRS.OL,Q909153
PRX.AS,Q473938
PROT.OL,Q909153
PROXI.OL,Q909153
PROX.BR,Q2385845
PRYME.OL,Q909153
PRY.MI,Q936530
PUBLI.OL,Q909153
PUB.PA,Q2385849
ALPUL.PA,Q2385849
PYRUM.OL,Q909153
QEV.AS,Q473938
QEVT.AS,Q473938
QRF.BR,Q2385845
QDT.PA,Q2385849
ALQGC.PA,Q2385849
QEC.OL,Q909153
QFG.BR,Q2385845
ALQWA.PA,Q2385849
ALRFG.PA,Q2385849
RFG.MI,Q936530
RAD.MI,Q936530
RWAY.MI,Q936530
MLRZE.LS,Q2385854
RAM.LS,Q2385854
GDS.PA,Q2385849
RANA.OL,Q909153
RAND.AS,Q473938
ALRPD.PA,Q2385849
RAT.MI,Q936530
RCS.MI,Q936530
REACH.OL,Q909153
REAL.BR,Q2385845
ALREA.PA,Q2385849
ALREB.PA,Q2385849
RECSI.OL,Q909153
REC.MI,Q936530
RECT.BR,Q2385845
RDF.MI,Q936530
RFLTC.MI,Q936530
REFL.OL,Q909153
REI.BR,Q2385845
REINA.AS,Q473938
REN.AS,Q473938
RCO.PA,Q2385849
RENE.LS,Q2385854
RNO.PA,Q2385849
RNV.MI,Q936530
REY.MI,Q936530
RES.MI,Q936530
MLJDL.PA,Q2385849
RET.BR,Q2385845
RETI.MI,Q936530
REVO.MI,Q936530
RWY.MI,Q936530
ALREW.PA,Q2385849
RXL.PA,Q2385849
RMT.MI,Q936530
ALRIB.PA,Q2385849
RPTN.MI,Q936530
RN.MI,Q936530
RIVER.OL,Q909153
RBT.PA,Q2385849
RBO.PA,Q2385849
RKT.MI,Q936530
ALROC.PA,Q2385849
ROGS.OL,Q909153
ROMER.OL,Q909153
ROM.OL,Q909153
YRM.MI,Q936530
ALRGR.PA,Q2385849
ROU.BR,Q2385845
MLRSR.LS,Q2385854
RTL.MI,Q936530
RUI.PA,Q2385849
RYA.IR,Q1435728
SCB.LS,Q2385854
SDSD.OL,Q909153
SK.PA,Q2385849
SSL.MI,Q936530
SAB.MI,Q936530
SAC.MI,Q936530
ALSAF.PA,Q2385849
SFL.MI,Q936530
SAF.PA,Q2385849
SAGA.OL,Q909153
MLSAG.PA,Q2385849
SGO.PA,Q2385849
SGONV.PA,Q2385849
SABE.PA,Q2385849
SPM.MI,Q936530
MLSJA.PA,Q2385849
SALM.OL,Q909153
SALME.OL,Q909153
SFER.MI,Q936530
ALSMB.LS,Q2385854
SAMS.PA,Q2385849
SL.MI,Q936530
SAN.PA,Q2385849
SANNV.PA,Q2385849
ALMER.PA,Q2385849
DIM.PA,Q2385849
SATS.OL,Q909153
SAVE.PA,Q2385849
MLSDN.PA,Q2385849
VARV.MI,Q936530
SBMO.AS,Q473938
SCANA.OL,Q909153
SCATC.OL,Q909153
CBSM.PA,Q2385849
MLCMI.PA,Q2385849
SU.PA,Q2385849
MLSCI.PA,Q2385849
SCK.MI,Q936530
SCR.PA,Q2385849
SEA1.OL,Q909153
SCHP.PA,Q2385849
IOT.MI,Q936530
ENH.OL,Q909153
SGRO.PA,Q2385849
ALSEI.PA,Q2385849
SLCO.PA,Q2385849
SELER.PA,Q2385849
SBO.OL,Q909153
SEM.LS,Q2385854
ALSEM.PA,Q2385849
ALSEN.PA,Q2385849
SNTIA.OL,Q909153
SENUS.IR,Q1435728
MLSEQ.PA,Q2385849
SEQUA.BR,Q2385845
SEFER.PA,Q2385849
SERI.MI,Q936530
SESG.PA,Q2385849
SES.MI,Q936530
SGC.MI,Q936530
SHELL.AS,Q473938
SRP.PA,Q2385849
SHUR.BR,Q2385845
SIAV.MI,Q936530
SBC.MI,Q936530
ALBFR.PA,Q2385849
SIFG.AS,Q473938
ALGIR.PA,Q2385849
LIGHT.AS,Q473938
SMN.MI,Q936530
ALIE.PA,Q2385849
SIP.BR,Q2385845
ALSRS.PA,Q2385849
SIT.MI,Q936530
SKAND.OL,Q909153
SKUE.OL,Q909153
SLIGR.AS,Q473938
ALSMA.PA,Q2385849
MLSML.PA,Q2385849
SMCAP.MI,Q936530
SMCRT.OL,Q909153
SMOP.OL,Q909153
SMCP.PA,Q2385849
ALTPC.PA,Q2385849
SRG.MI,Q936530
SEIF.MI,Q936530
SFCA.PA,Q2385849
GLE.PA,Q2385849
SW.PA,Q2385849
SEC.PA,Q2385849
SOF.BR,Q2385845
SOFT.BR,Q2385845
SFT.MI,Q936530
SOFTX.OL,Q909153
SWON.OL,Q909153
ALSOG.PA,Q2385849
SGF.MI,Q936530
SOGES.MI,Q936530
SOGN.OL,Q909153
STECH.OL,Q909153
SOI.PA,Q2385849
SOL.MI,Q936530
SCM.MI,Q936530
S3D.MI,Q936530
LOCAL.PA,Q2385849
SOMA.OL,Q909153
SOFF.OL,Q909153
S30.PA,Q2385849
SOLV.BR,Q2385845
SOLB.BR,Q2385845
SOM.MI,Q936530
SON.LS,Q2385854
SNC.LS,Q2385854
SNG.LS,Q2385854
SOP.PA,Q2385849
SOS.MI,Q936530
SPA.BR,Q2385845
SB68.OL,Q909153
MING.OL,Q909153
SB1NO.OL,Q909153
MORG.OL,Q909153
SBNOR.OL,Q909153
SPOG.OL,Q909153
ALSPT.PA,Q2385849
SNOR.OL,Q909153
SPOL.OL,Q909153
HELG.OL,Q909153
NONG.OL,Q909153
RING.OL,Q909153
SOAG.OL,Q909153
MLSRP.PA,Q2385849
SPIE.PA,Q2385849
ALSGD.PA,Q2385849
ALSPW.PA,Q2385849
SPIR.OL,Q909153
SCP.LS,Q2385854
DPT.PA,Q2385849
STST.OL,Q909153
STAR7.MI,Q936530
STF.PA,Q2385849
STLAM.MI,Q936530
STLAP.PA,Q2385849
ALSTI.PA,Q2385849
STMMI.MI,Q936530
STMPA.PA,Q2385849
SNI.OL,Q909153
STB.OL,Q909153
ALSAS.PA,Q2385849
ALSTW.PA,Q2385849
MLSTR.PA,Q2385849
STRO.OL,Q909153
MLSPI.PA,Q2385849
SUBC.OL,Q909153
SVS.MI,Q936530
SWP.PA,Q2385849
SYENS.BR,Q2385845
SDG.PA,Q2385849
SYS.MI,Q936530
TALEA.MI,Q936530
TIP.MI,Q936530
TBSO.PA,Q2385849
TE.PA,Q2385849
TGYM.MI,Q936530
TPRO.MI,Q936530
TECH.OL,Q909153
TCM.MI,Q936530
TCG.MI,Q936530
TDSA.LS,Q2385854
TEKNA.OL,Q909153
TIT.MI,Q936530
TITR.MI,Q936530
TEL.OL,Q909153
TEP.PA,Q2385849
TLS.MI,Q936530
TVRB.PA,Q2385849
MLVST.PA,Q2385849
TLM.MI,Q936530
TEN.MI,Q936530
TNX.MI,Q936530
TRACT.PA,Q2385849
TRN.MI,Q936530
TES.MI,Q936530
TSL.MI,Q936530
TESB.BR,Q2385845
TFG.AS,Q473938
TEXF.BR,Q2385845
TFI.PA,Q2385849
TFINV.PA,Q2385849
TFF.PA,Q2385849
TGS.OL,Q909153
HO.PA,Q2385849
MLAZR.PA,Q2385849
TISG.MI,Q936530
KING.OL,Q909153
NVG.LS,Q2385854
THEON.AS,Q473938
ALTHE.PA,Q2385849
THEP.PA,Q2385849
TRMED.OL,Q909153
ALTHX.PA,Q2385849
TIETO.OL,Q909153
TKO.PA,Q2385849
TINC.BR,Q2385845
TINDE.OL,Q909153
TNXT.MI,Q936530
TITC.BR,Q2385845
TWEKA.AS,Q473938
ALTME.PA,Q2385849
TMP.MI,Q936530
TOM.OL,Q909153
TOM2.AS,Q473938
ALTD.PA,Q2385849
ALTOO.PA,Q2385849
TYA.MI,Q936530
TTE.PA,Q2385849
EC.PA,Q2385849
ALTOU.PA,Q2385849
EIFF.PA,Q2385849
SCT.LS,Q2385854
TPS.MI,Q936530
ALTRA.PA,Q2385849
TRAI.MI,Q936530
TNG.PA,Q2385849
TWL.MI,Q936530
TD.MI,Q936530
TFIN.MI,Q936530
TB.MI,Q936530
TRI.PA,Q2385849
ALTRI.PA,Q2385849
TRIO.AS,Q473938
MLTRO.PA,Q2385849
TRSB.OL,Q909153
TUB.BR,Q2385845
ALTXC.PA,Q2385849
TXT.MI,Q936530
ALU10.PA,Q2385849
UBA.MI,Q936530
UBI.PA,Q2385849
MLALE.PA,Q2385849
U24.MI,Q936530
UCB.BR,Q2385845
MLUMG.PA,Q2385849
UMG.AS,Q473938
UMI.BR,Q2385845
URW.PA,Q2385849
UCG.MI,Q936530
UD.MI,Q936530
UNA.AS,Q473938
FPG.PA,Q2385849
UPR.IR,Q1435728
UNI.MI,Q936530
ALUNT.PA,Q2385849
ALUPG.PA,Q2385849
MLURC.PA,Q2385849
ALUVI.PA,Q2385849
VLK.AS,Q473938
VAF.LS,Q2385854
ALVAL.PA,Q2385849
FR.PA,Q2385849
ALVIO.PA,Q2385849
VLC.MI,Q936530
VK.PA,Q2385849
VLA.PA,Q2385849
VLS.MI,Q936530
VLT.MI,Q936530
VALUE.AS,Q473938
VAN.BR,Q2385845
MLVRE.PA,Q2385849
VDI.OL,Q909153
VNT.MI,Q936530
VANTI.PA,Q2385849
VASTB.BR,Q2385845
ALVAZ.PA,Q2385849
VEI.OL,Q909153
VEND.OL,Q909153
ALVU.PA,Q2385849
VTURA.OL,Q909153
VIE.PA,Q2385849
ALVG.PA,Q2385849
VRLA.PA,Q2385849
ALVER.PA,Q2385849
VMX.PA,Q2385849
VETO.PA,Q2385849
VGP.BR,Q2385845
ALVIA.PA,Q2385849
VCT.PA,Q2385849
MLVIC.PA,Q2385849
VIL.PA,Q2385849
MLVDN.LS,Q2385854
VIM.MI,Q936530
DG.PA,Q2385849
VNXT.MI,Q936530
ALVIN.PA,Q2385849
VIO.BR,Q2385845
VIRP.PA,Q2385849
VIRI.PA,Q2385849
ALVIR.PA,Q2385849
VISTN.OL,Q909153
VTR.PA,Q2385849
VVG.MI,Q936530
VIV.PA,Q2385849
VVY.AS,Q473938
VNE.MI,Q936530
ALVGO.PA,Q2385849
VTA.AS,Q473938
VLTSA.PA,Q2385849
VPK.AS,Q473938
VVL.OL,Q909153
VOW.OL,Q909153
ALVDM.PA,Q2385849
MLVRF.PA,Q2385849
VU.PA,Q2385849
VAR.OL,Q909153
WAGA.PA,Q2385849
WAWI.OL,Q909153
ALLIX.PA,Q2385849
WEB.BR,Q2385845
WAVE.PA,Q2385849
WDP.BR,Q2385845
ALWEC.PA,Q2385849
MLWEA.PA,Q2385849
WBS.MI,Q936530
WSTEP.OL,Q909153
WBD.MI,Q936530
WBDR.MI,Q936530
MLWRS.PA,Q2385849
MF.PA,Q2385849
WHA.AS,Q473938
WEHB.BR,Q2385845
WEST.OL,Q909153
MLWEY.PA,Q2385849
WHATS.BR,Q2385845
ROCK.BR,Q2385845
WIIT.MI,Q936530
WWI.OL,Q909153
WWIB.OL,Q909153
ALWIN.PA,Q2385849
ALWF.PA,Q2385849
ALWIT.PA,Q2385849
WKL.AS,Q473938
WLN.PA,Q2385849
XFAB.PA,Q2385849
XHS.MI,Q936530
ALXIL.PA,Q2385849
XIOR.BR,Q2385845
XPLRA.OL,Q909153
YKY.MI,Q936530
YAR.OL,Q909153
YOLO.MI,Q936530
YOUNI.AS,Q473938
ZAL.OL,Q909153
ZAP.OL,Q909153
MLZAM.PA,Q2385849
CV.PA,Q2385849
ZLNA.OL,Q909153
ZENA.OL,Q909153
ZEST.MI,Q936530
ZV.MI,Q936530
ZUC.MI,Q936530
